-- phpMyAdmin SQL Dump
-- version 5.2.1
-- https://www.phpmyadmin.net/
--
-- Host: 127.0.0.1
-- Generation Time: Jun 22, 2025 at 02:35 PM
-- Server version: 10.4.32-MariaDB
-- PHP Version: 8.2.12

SET SQL_MODE = "NO_AUTO_VALUE_ON_ZERO";
START TRANSACTION;
SET time_zone = "+00:00";


/*!40101 SET @OLD_CHARACTER_SET_CLIENT=@@CHARACTER_SET_CLIENT */;
/*!40101 SET @OLD_CHARACTER_SET_RESULTS=@@CHARACTER_SET_RESULTS */;
/*!40101 SET @OLD_COLLATION_CONNECTION=@@COLLATION_CONNECTION */;
/*!40101 SET NAMES utf8mb4 */;

--
-- Database: `printly_db`
--

-- --------------------------------------------------------

--
-- Table structure for table `achievements`
--

CREATE TABLE `achievements` (
  `achievement_id` int(11) NOT NULL,
  `title` varchar(100) NOT NULL,
  `description` text DEFAULT NULL,
  `icon` varchar(255) DEFAULT NULL,
  `year` int(11) DEFAULT NULL,
  `order_num` int(11) DEFAULT 0
) ENGINE=InnoDB DEFAULT CHARSET=utf8mb4 COLLATE=utf8mb4_unicode_ci;

-- --------------------------------------------------------

--
-- Table structure for table `blog`
--

CREATE TABLE `blog` (
  `blog_id` int(11) NOT NULL,
  `title` varchar(255) NOT NULL,
  `slug` varchar(255) NOT NULL,
  `content` text DEFAULT NULL,
  `image` varchar(255) DEFAULT NULL,
  `author_id` int(11) DEFAULT NULL,
  `status` enum('published','draft') DEFAULT 'draft',
  `created_at` timestamp NOT NULL DEFAULT current_timestamp(),
  `updated_at` timestamp NOT NULL DEFAULT current_timestamp() ON UPDATE current_timestamp()
) ENGINE=InnoDB DEFAULT CHARSET=utf8mb4 COLLATE=utf8mb4_unicode_ci;

-- --------------------------------------------------------

--
-- Table structure for table `cart`
--

CREATE TABLE `cart` (
  `cart_id` int(11) NOT NULL,
  `user_id` int(11) DEFAULT NULL,
  `session_id` varchar(255) DEFAULT NULL,
  `service_id` int(11) NOT NULL,
  `quantity` int(11) DEFAULT 1,
  `paper_type` varchar(50) DEFAULT NULL,
  `size` varchar(50) DEFAULT NULL,
  `colors` int(11) DEFAULT NULL,
  `design_file` varchar(255) DEFAULT NULL,
  `notes` text DEFAULT NULL,
  `price` decimal(10,2) DEFAULT NULL,
  `created_at` timestamp NOT NULL DEFAULT current_timestamp(),
  `updated_at` timestamp NOT NULL DEFAULT current_timestamp() ON UPDATE current_timestamp(),
  `custom_fields_values` text DEFAULT NULL
) ENGINE=InnoDB DEFAULT CHARSET=utf8mb4 COLLATE=utf8mb4_unicode_ci;

--
-- Dumping data for table `cart`
--

INSERT INTO `cart` (`cart_id`, `user_id`, `session_id`, `service_id`, `quantity`, `paper_type`, `size`, `colors`, `design_file`, `notes`, `price`, `created_at`, `updated_at`, `custom_fields_values`) VALUES
(15, 17, 'ed84jlgfcebqalvikimjg7qord', 12, 1, '', '', 0, '684d95e062ccb_klipartz.jpg', 'cvx', 11.00, '2025-06-14 15:31:44', '2025-06-14 15:31:44', NULL),
(51, 5, 'oqj5tnkfcht5v0phtft3e4341k', 12, 1, '', '', 0, '684dd4be086f6_مذكرة ٢ ثانوي الترم الاول _Page17.png', 'ءء', 11.00, '2025-06-14 19:59:58', '2025-06-14 19:59:58', NULL),
(52, 5, 'oqj5tnkfcht5v0phtft3e4341k', 9, 1, 'مطفي', 'A5', 0, '684dd5183c2fb_مذكرة ٢ ثانوي الترم الاول _Page22.png', 'سيشسي', 400.00, '2025-06-14 20:01:28', '2025-06-14 20:01:28', NULL),
(95, NULL, 'sjpcmk86pgmpfj57cp22ekiddc', 11, 1, 'كرافت', '', 0, '685005157e7a7_١٨_٢٤_-_٢١_فبراير_٢٠٢٤_20240221_183450_271.png', '', 2.00, '2025-06-16 11:50:45', '2025-06-16 11:50:45', NULL),
(103, NULL, 'ittkclne7jrk0furimgp73o9ct', 10, 2, '', '', 0, '68514507220f6_275713099_339323098235476_8975370795578897044_n.jpg', 'ئء', 2000.00, '2025-06-17 10:35:51', '2025-06-17 10:44:58', NULL),
(107, NULL, 'qhfvme9vdp52n52hj41mbir165', 12, 1, '', '', 0, '68519daa558c4_IMG-20240319-WA0010.jpg', '', 11.00, '2025-06-17 16:54:02', '2025-06-17 16:54:02', NULL),
(108, NULL, 'qhfvme9vdp52n52hj41mbir165', 9, 149, 'مطفي', 'A3', 0, '68519dc8a6e42_IMG-20240319-WA0010.jpg', '', 59600.00, '2025-06-17 16:54:32', '2025-06-17 16:54:32', NULL),
(131, NULL, '7s6uqhrpsahk0cfg3el8m49kf4', 9, 12, 'لامع', 'A5', 0, '6852f6daad9b6_يسش.jpg', 'شسئيءبؤ', 4800.00, '2025-06-18 17:26:50', '2025-06-18 17:26:50', NULL),
(132, 7, '5mb5clcnibo9tsqev96c8oled9', 10, 1, '', '', 0, '6852f897e361e_ACTUALIZACION-FIRMWARE-SKYCUT.pdf', '', 1000.00, '2025-06-18 17:34:15', '2025-06-18 17:34:15', NULL),
(133, NULL, '22o0t274od56cdd6418pqnj6v2', 13, 50000, 'كرافت', 'A4', 4, '68531060a24e6_222.pdf', 'qwedfgdffgh', 2600000.00, '2025-06-18 19:15:44', '2025-06-18 19:15:44', NULL),
(134, NULL, '22o0t274od56cdd6418pqnj6v2', 13, 50000, 'كرافت', 'A4', 4, '68531080dd131_222.pdf', 'qwedfgdffgh', 2600000.00, '2025-06-18 19:16:16', '2025-06-18 19:16:16', NULL),
(136, NULL, '22o0t274od56cdd6418pqnj6v2', 10, 1, '', '', 0, '6853193f3115b_ACTUALIZACION-FIRMWARE-SKYCUT.pdf', 'ج', 1000.00, '2025-06-18 19:53:35', '2025-06-18 19:53:35', NULL),
(137, NULL, '22o0t274od56cdd6418pqnj6v2', 10, 1, '', '', 0, '68531942504ab_ACTUALIZACION-FIRMWARE-SKYCUT.pdf', 'ج', 1000.00, '2025-06-18 19:53:38', '2025-06-18 19:53:38', NULL);

-- --------------------------------------------------------

--
-- Table structure for table `categories`
--

CREATE TABLE `categories` (
  `category_id` int(11) NOT NULL,
  `name` varchar(255) NOT NULL,
  `created_at` timestamp NOT NULL DEFAULT current_timestamp(),
  `updated_at` timestamp NOT NULL DEFAULT current_timestamp() ON UPDATE current_timestamp()
) ENGINE=InnoDB DEFAULT CHARSET=utf8mb4 COLLATE=utf8mb4_unicode_ci;

--
-- Dumping data for table `categories`
--

INSERT INTO `categories` (`category_id`, `name`, `created_at`, `updated_at`) VALUES
(8, 'كروت شخصية', '2025-06-16 11:18:49', '2025-06-16 11:18:49');

-- --------------------------------------------------------

--
-- Table structure for table `clients`
--

CREATE TABLE `clients` (
  `client_id` int(11) NOT NULL,
  `name` varchar(100) NOT NULL,
  `logo` varchar(255) NOT NULL,
  `website` varchar(255) DEFAULT NULL,
  `description` text DEFAULT NULL,
  `is_featured` tinyint(1) DEFAULT 0,
  `order_num` int(11) DEFAULT 0
) ENGINE=InnoDB DEFAULT CHARSET=utf8mb4 COLLATE=utf8mb4_unicode_ci;

-- --------------------------------------------------------

--
-- Table structure for table `color_options`
--

CREATE TABLE `color_options` (
  `id` int(11) NOT NULL,
  `number_of_colors` int(11) NOT NULL,
  `status` enum('active','inactive') DEFAULT 'active'
) ENGINE=InnoDB DEFAULT CHARSET=utf8mb4 COLLATE=utf8mb4_unicode_ci;

-- --------------------------------------------------------

--
-- Table structure for table `coupons`
--

CREATE TABLE `coupons` (
  `coupon_id` int(11) NOT NULL,
  `code` varchar(20) NOT NULL,
  `discount_type` enum('percentage','fixed') DEFAULT 'percentage',
  `discount_value` decimal(10,2) NOT NULL,
  `min_order_value` decimal(10,2) DEFAULT NULL,
  `max_discount` decimal(10,2) DEFAULT NULL,
  `start_date` timestamp NULL DEFAULT NULL,
  `end_date` timestamp NULL DEFAULT NULL,
  `usage_limit` int(11) DEFAULT NULL,
  `usage_count` int(11) DEFAULT 0,
  `status` enum('active','inactive') DEFAULT 'active',
  `created_at` timestamp NOT NULL DEFAULT current_timestamp()
) ENGINE=InnoDB DEFAULT CHARSET=utf8mb4 COLLATE=utf8mb4_general_ci;

-- --------------------------------------------------------

--
-- Table structure for table `custom_fields`
--

CREATE TABLE `custom_fields` (
  `field_id` int(11) NOT NULL,
  `field_name` varchar(100) NOT NULL,
  `field_label` varchar(255) NOT NULL,
  `field_type_id` int(11) NOT NULL,
  `is_required` tinyint(1) DEFAULT 0,
  `default_value` text DEFAULT NULL,
  `placeholder` varchar(255) DEFAULT NULL,
  `help_text` text DEFAULT NULL,
  `validation_rules` text DEFAULT NULL,
  `order_num` int(11) DEFAULT 0,
  `status` enum('active','inactive') DEFAULT 'active',
  `created_at` timestamp NOT NULL DEFAULT current_timestamp(),
  `updated_at` timestamp NOT NULL DEFAULT current_timestamp() ON UPDATE current_timestamp()
) ENGINE=InnoDB DEFAULT CHARSET=utf8mb4 COLLATE=utf8mb4_unicode_ci;

--
-- Dumping data for table `custom_fields`
--

INSERT INTO `custom_fields` (`field_id`, `field_name`, `field_label`, `field_type_id`, `is_required`, `default_value`, `placeholder`, `help_text`, `validation_rules`, `order_num`, `status`, `created_at`, `updated_at`) VALUES
(13, 'paper_type', 'نوع الورق', 3, 1, '4', 'اختار حجم الورق', 'ورق انك جيت', '', 1, 'active', '2025-06-19 11:50:35', '2025-06-19 12:54:34'),
(18, 'youssef_only_one', 'youssef_only_one', 5, 0, '1', 'youssef_only_one', '', '', 2, 'active', '2025-06-22 11:38:11', '2025-06-22 11:38:11'),
(19, 'email', 'ألبريد', 10, 1, 'yjmt46999@gmail.com', 'اختار البريد', '', '', 4, 'active', '2025-06-22 11:50:14', '2025-06-22 11:50:14');

-- --------------------------------------------------------

--
-- Table structure for table `delivery_methods`
--

CREATE TABLE `delivery_methods` (
  `delivery_id` int(11) NOT NULL,
  `name` varchar(50) NOT NULL,
  `type` enum('pickup','delivery') NOT NULL,
  `cost` decimal(10,2) DEFAULT 0.00,
  `status` enum('active','inactive') DEFAULT 'active',
  `created_at` timestamp NOT NULL DEFAULT current_timestamp()
) ENGINE=InnoDB DEFAULT CHARSET=utf8mb4 COLLATE=utf8mb4_unicode_ci;

--
-- Dumping data for table `delivery_methods`
--

INSERT INTO `delivery_methods` (`delivery_id`, `name`, `type`, `cost`, `status`, `created_at`) VALUES
(1, 'استلام من المطبعة', 'pickup', 0.00, 'active', '2025-06-15 09:16:42'),
(2, 'توصيل للمنزل', 'delivery', 50.00, 'active', '2025-06-15 09:16:42');

-- --------------------------------------------------------

--
-- Table structure for table `faq`
--

CREATE TABLE `faq` (
  `faq_id` int(11) NOT NULL,
  `question` text NOT NULL,
  `answer` text NOT NULL,
  `category` varchar(50) DEFAULT NULL,
  `order_num` int(11) DEFAULT 0,
  `status` enum('active','inactive') DEFAULT 'active'
) ENGINE=InnoDB DEFAULT CHARSET=utf8mb4 COLLATE=utf8mb4_unicode_ci;

-- --------------------------------------------------------

--
-- Table structure for table `field_options`
--

CREATE TABLE `field_options` (
  `option_id` int(11) NOT NULL,
  `field_id` int(11) NOT NULL,
  `option_value` varchar(255) NOT NULL,
  `option_label` varchar(255) NOT NULL,
  `is_default` tinyint(1) DEFAULT 0,
  `order_num` int(11) DEFAULT 0,
  `status` enum('active','inactive') DEFAULT 'active'
) ENGINE=InnoDB DEFAULT CHARSET=utf8mb4 COLLATE=utf8mb4_unicode_ci;

--
-- Dumping data for table `field_options`
--

INSERT INTO `field_options` (`option_id`, `field_id`, `option_value`, `option_label`, `is_default`, `order_num`, `status`) VALUES
(72, 13, 'A4', 'A4', 0, 0, 'active'),
(73, 13, 'A5', 'A5', 0, 1, 'active'),
(74, 13, 'A6', 'A6', 0, 2, 'active'),
(75, 13, 'A3', 'A3', 0, 3, 'active'),
(76, 13, 'A2', 'A2', 0, 4, 'active');

-- --------------------------------------------------------

--
-- Table structure for table `field_types`
--

CREATE TABLE `field_types` (
  `type_id` int(11) NOT NULL,
  `type_name` varchar(50) NOT NULL,
  `type_key` varchar(50) NOT NULL,
  `description` text DEFAULT NULL,
  `html_input_type` varchar(50) NOT NULL,
  `has_options` tinyint(1) DEFAULT 0,
  `status` enum('active','inactive') DEFAULT 'active',
  `created_at` timestamp NOT NULL DEFAULT current_timestamp()
) ENGINE=InnoDB DEFAULT CHARSET=utf8mb4 COLLATE=utf8mb4_unicode_ci;

--
-- Dumping data for table `field_types`
--

INSERT INTO `field_types` (`type_id`, `type_name`, `type_key`, `description`, `html_input_type`, `has_options`, `status`, `created_at`) VALUES
(1, 'نص', 'text', 'حقل نص عادي', 'text', 0, 'active', '2025-06-18 16:58:06'),
(2, 'رقم', 'number', 'حقل رقمي', 'number', 0, 'active', '2025-06-18 16:58:06'),
(3, 'قائمة منسدلة', 'select', 'قائمة خيارات منسدلة', 'select', 1, 'active', '2025-06-18 16:58:06'),
(4, 'قائمة متعددة', 'multiselect', 'قائمة خيارات متعددة', 'select', 1, 'active', '2025-06-18 16:58:06'),
(5, 'نص طويل', 'textarea', 'حقل نص طويل', 'textarea', 0, 'active', '2025-06-18 16:58:06'),
(6, 'ملف', 'file', 'رفع ملف', 'file', 0, 'active', '2025-06-18 16:58:06'),
(7, 'تاريخ', 'date', 'تاريخ', 'date', 0, 'active', '2025-06-18 16:58:06'),
(8, 'وقت', 'time', 'وقت', 'time', 0, 'active', '2025-06-18 16:58:06'),
(9, 'تاريخ ووقت', 'datetime', 'تاريخ ووقت', 'datetime-local', 0, 'active', '2025-06-18 16:58:06'),
(10, 'إيميل', 'email', 'عنوان بريد إلكتروني', 'email', 0, 'active', '2025-06-18 16:58:06'),
(11, 'هاتف', 'tel', 'رقم هاتف', 'tel', 0, 'active', '2025-06-18 16:58:06'),
(12, 'رابط', 'url', 'رابط ويب', 'url', 0, 'active', '2025-06-18 16:58:06'),
(13, 'لون', 'color', 'اختيار لون', 'color', 0, 'active', '2025-06-18 16:58:06'),
(14, 'نطاق', 'range', 'شريط تمرير', 'range', 0, 'active', '2025-06-18 16:58:06');

-- --------------------------------------------------------

--
-- Table structure for table `messages`
--

CREATE TABLE `messages` (
  `message_id` int(11) NOT NULL,
  `name` varchar(100) NOT NULL,
  `email` varchar(100) NOT NULL,
  `phone` varchar(20) DEFAULT NULL,
  `subject` varchar(255) DEFAULT NULL,
  `message` text NOT NULL,
  `status` enum('new','read','replied') DEFAULT 'new',
  `created_at` timestamp NOT NULL DEFAULT current_timestamp()
) ENGINE=InnoDB DEFAULT CHARSET=utf8mb4 COLLATE=utf8mb4_unicode_ci;

--
-- Dumping data for table `messages`
--

INSERT INTO `messages` (`message_id`, `name`, `email`, `phone`, `subject`, `message`, `status`, `created_at`) VALUES
(11, 'ختم فلاش', 'RAHMALIBRARY@GMAIL.COM', '01032252611', 'pp', 'كطننننننننننن', 'read', '2025-06-16 12:06:09'),
(12, 'رول أب مستطيل', 'yjmt469999@gimal.com', '1024485693', 'محمد علي', 'طوزززززززززززززززززززززززززززززززززززززززززززززززززززززززززززززززززززززززززززززززززززززززززززززززززززززززززززززززززززززززززززززززززززززززززززززززززززززززززززززززززززززززززززززززززززززززززززززززززززززززززززززززززززززززززززززززززززززززززززززززززززززززززززززززززززززززززززززززززززززززززززززززززززززززززززززززززززززززززززززززززززززززززززززززززززززززززززززززززززززززززززززززززززززززززززززززززززززززززززززززززززززززززززززززززززززززززززززززززززززززززززززززززززززززززززززززززززززززززززززززززززززززززززززززززززززززززززززززززززززززززززززززززززززززززززززززززززززززززززززززززززززززززززززززززززززززززززززززززززززززززززززززززززززززززززززززززززز', 'read', '2025-06-16 17:53:53'),
(13, '~ؤ', 'yjmt469999@gmail.com', '01024485693', 'سيبلغتهنخ', 'طوزززززززززززززززززززززززززززززززززززززززززززززززززززززززززززززززززززززززززززززززززززززززززززززززززززززززززززززززززززززززززززززززززززززززززززززززززززززززززززززززززززززززززززززززززززززززززززززززززززززززززززززززززززززززززززززززززززززززززشطوزززززززززززززززززززززززززززززززززززززززززززززززززززززززززززززززززززززززززززززززززززززززززززززززززززززززززززززززززززززززززززززززززززززززززززززززززززززززززززززززززززززززززززززززززززززززززززززززززززززززززززززززززززززززززززززززززززززززززشطوزززززززززززززززززززززززززززززززززززززززززززززززززززززززززززززززززززززززززززززززززززززززززززززززززززززززززززززززززززززززززززززززززززززززززززززززززززززززززززززززززززززززززززززززززززززززززززززززززززززززززززززززززززززززززززززززززززززززززشطوزززززززززززززززززززززززززززززززززززززززززززززززززززززززززززززززززززززززززززززززززززززززززززززززززززززززززززززززززززززززززززززززززززززززززززززززززززززززززززززززززززززززززززززززززززززززززززززززززززززززززززززززززززززززززززززززززززززززززشطوزززززززززززززززززززززززززززززززززززززززززززززززززززززززززززززززززززززززززززززززززززززززززززززززززززززززززززززززززززززززززززززززززززززززززززززززززززززززززززززززززززززززززززززززززززززززززززززززززززززززززززززززززززززززززززززززززززززززززشطوزززززززززززززززززززززززززززززززززززززززززززززززززززززززززززززززززززززززززززززززززززززززززززززززززززززززززززززززززززززززززززززززززززززززززززززززززززززززززززززززززززززززززززززززززززززززززززززززززززززززززززززززززززززززززززززززززززززززززشطوزززززززززززززززززززززززززززززززززززززززززززززززززززززززززززززززززززززززززززززززززززززززززززززززززززززززززززززززززززززززززززززززززززززززززززززززززززززززززززززززززززززززززززززززززززززززززززززززززززززززززززززززززززززززززززززززززززززززززشطوزززززززززززززززززززززززززززززززززززززززززززززززززززززززززززززززززززززززززززززززززززززززززززززززززززززززززززززززززززززززززززززززززززززززززززززززززززززززززززززززززززززززززززززززززززززززززززززززززززززززززززززززززززززززززززززززززززززززززشطوزززززززززززززززززززززززززززززززززززززززززززززززززززززززززززززززززززززززززززززززززززززززززززززززززززززززززززززززززززززززززززززززززززززززززززززززززززززززززززززززززززززززززززززززززززززززززززززززززززززززززززززززززززززززززززززززززززززززززشطوزززززززززززززززززززززززززززززززززززززززززززززززززززززززززززززززززززززززززززززززززززززززززززززززززززززززززززززززززززززززززززززززززززززززززززززززززززززززززززززززززززززززززززززززززززززززززززززززززززززززززززززززززززززززززززززززززززززززززشطوزززززززززززززززززززززززززززززززززززززززززززززززززززززززززززززززززززززززززززززززززززززززززززززززززززززززززززززززززززززززززززززززززززززززززززززززززززززززززززززززززززززززززززززززززززززززززززززززززززززززززززززززززززززززززززززززززززززززززشطوزززززززززززززززززززززززززززززززززززززززززززززززززززززززززززززززززززززززززززززززززززززززززززززززززززززززززززززززززززززززززززززززززززززززززززززززززززززززززززززززززززززززززززززززززززززززززززززززززززززززززززززززززززززززززززززززززززززززززشطوزززززززززززززززززززززززززززززززززززززززززززززززززززززززززززززززززززززززززززززززززززززززززززززززززززززززززززززززززززززززززززززززززززززززززززززززززززززززززززززززززززززززززززززززززززززززززززززززززززززززززززززززززززززززززززززززززززززززززشطوزززززززززززززززززززززززززززززززززززززززززززززززززززززززززززززززززززززززززززززززززززززززززززززززززززززززززززززززززززززززززززززززززززززززززززززززززززززززززززززززززززززززززززززززززززززززززززززززززززززززززززززززززززززززززززززززززززززززززشطوزززززززززززززززززززززززززززززززززززززززززززززززززززززززززززززززززززززززززززززززززززززززززززززززززززززززززززززززززززززززززززززززززززززززززززززززززززززززززززززززززززززززززززززززززززززززززززززززززززززززززززززززززززززززززززززززززززززززززشطوزززززززززززززززززززززززززززززززززززززززززززززززززززززززززززززززززززززززززززززززززززززززززززززززززززززززززززززززززززززززززززززززززززززززززززززززززززززززززززززززززززززززززززززززززززززززززززززززززززززززززززززززززززززززززززززززززززززززززشطوزززززززززززززززززززززززززززززززززززززززززززززززززززززززززززززززززززززززززززززززززززززززززززززززززززززززززززززززززززززززززززززززززززززززززززززززززززززززززززززززززززززززززززززززززززززززززززززززززززززززززززززززززززززززززززززززززززززززززشطوزززززززززززززززززززززززززززززززززززززززززززززززززززززززززززززززززززززززززززززززززززززززززززززززززززززززززززززززززززززززززززززززززززززززززززززززززززززززززززززززززززززززززززززززززززززززززززززززززززززززززززززززززززززززززززززززززززززززززشطوزززززززززززززززززززززززززززززززززززززززززززززززززززززززززززززززززززززززززززززززززززززززززززززززززززززززززززززززززززززززززززززززززززززززززززززززززززززززززززززززززززززززززززززززززززززززززززززززززززززززززززززززززززززززززززززززززززززززززشطوزززززززززززززززززززززززززززززززززززززززززززززززززززززززززززززززززززززززززززززززززززززززززززززززززززززززززززززززززززززززززززززززززززززززززززززززززززززززززززززززززززززززززززززززززززززززززززززززززززززززززززززززززززززززززززززززززززززززززشطوزززززززززززززززززززززززززززززززززززززززززززززززززززززززززززززززززززززززززززززززززززززززززززززززززززززززززززززززززززززززززززززززززززززززززززززززززززززززززززززززززززززززززززززززززززززززززززززززززززززززززززززززززززززززززززززززززززززززززشطوزززززززززززززززززززززززززززززززززززززززززززززززززززززززززززززززززززززززززززززززززززززززززززززززززززززززززززززززززززززززززززززززززززززززززززززززززززززززززززززززززززززززززززززززززززززززززززززززززززززززززززززززززززززززززززززززززززززززززشطوزززززززززززززززززززززززززززززززززززززززززززززززززززززززززززززززززززززززززززززززززززززززززززززززززززززززززززززززززززززززززززززززززززززززززززززززززززززززززززززززززززززززززززززززززززززززززززززززززززززززززززززززززززززززززززززززززززززززززشطوزززززززززززززززززززززززززززززززززززززززززززززززززززززززززززززززززززززززززززززززززززززززززززززززززززززززززززززززززززززززززززززززززززززززززززززززززززززززززززززززززززززززززززززززززززززززززززززززززززززززززززززززززززززززززززززززززززززززززشطوزززززززززززززززززززززززززززززززززززززززززززززززززززززززززززززززززززززززززززززززززززززززززززززززززززززززززززززززززززززززززززززززززززززززززززززززززززززززززززززززززززززززززززززززززززززززززززززززززززززززززززززززززززززززززززززززززززززززززشطوزززززززززززززززززززززززززززززززززززززززززززززززززززززززززززززززززززززززززززززززززززززززززززززززززززززززززززززززززززززززززززززززززززززززززززززززززززززززززززززززززززززززززززززززززززززززززززززززززززززززززززززززززززززززززززززززززززززززززشطوزززززززززززززززززززززززززززززززززززززززززززززززززززززززززززززززززززززززززززززززززززززززززززززززززززززززززززززززززززززززززززززززززززززززززززززززززززززززززززززززززززززززززززززززززززززززززززززززززززززززززززززززززززززززززززززززززززززززززشطوزززززززززززززززززززززززززززززززززززززززززززززززززززززززززززززززززززززززززززززززززززززززززززززززززززززززززززززززززززززززززززززززززززززززززززززززززززززززززززززززززززززززززززززززززززززززززززززززززززززززززززززززززززززززززززززززززززززززززشطوزززززززززززززززززززززززززززززززززززززززززززززززززززززززززززززززززززززززززززززززززززززززززززززززززززززززززززززززززززززززززززززززززززززززززززززززززززززززززززززززززززززززززززززززززززززززززززززززززززززززززززززززززززززززززززززززززززززززززشطوزززززززززززززززززززززززززززززززززززززززززززززززززززززززززززززززززززززززززززززززززززززززززززززززززززززززززززززززززززززززززززززززززززززززززززززززززززززززززززززززززززززززززززززززززززززززززززززززززززززززززززززززززززززززززززززززززززززززززشطوزززززززززززززززززززززززززززززززززززززززززززززززززززززززززززززززززززززززززززززززززززززززززززززززززززززززززززززززززززززززززززززززززززززززززززززززززززززززززززززززززززززززززززززززززززززززززززززززززززززززززززززززززززززززززززززززززززززززززشطوزززززززززززززززززززززززززززززززززززززززززززززززززززززززززززززززززززززززززززززززززززززززززززززززززززززززززززززززززززززززززززززززززززززززززززززززززززززززززززززززززززززززززززززززززززززززززززززززززززززززززززززززززززززززززززززززززززززززززشطوزززززززززززززززززززززززززززززززززززززززززززززززززززززززززززززززززززززززززززززززززززززززززززززززززززززززززززززززززززززززززززززززززززززززززززززززززززززززززززززززززززززززززززززززززززززززززززززززززززززززززززززززززززززززززززززززززززززززززشطوزززززززززززززززززززززززززززززززززززززززززززززززززززززززززززززززززززززززززززززززززززززززززززززززززززززززززززززززززززززززززززززززززززززززززززززززززززززززززززززززززززززززززززززززززززززززززززززززززززززززززززززززززززززززززززززززززززززززززشطوزززززززززززززززززززززززززززززززززززززززززززززززززززززززززززززززززززززززززززززززززززززززززززززززززززززززززززززززززززززززززززززززززززززززززززززززززززززززززززززززززززززززززززززززززززززززززززززززززززززززززززززززززززززززززززززززززززززززززشطوزززززززززززززززززززززززززززززززززززززززززززززززززززززززززززززززززززززززززززززززززززززززززززززززززززززززززززززززززززززززززززززززززززززززززززززززززززززززززززززززززززززززززززززززززززززززززززززززززززززززززززززززززززززززززززززززززززززززززشطوزززززززززززززززززززززززززززززززززززززززززززززززززززززززززززززززززززززززززززززززززززززززززززززززززززززززززززززززززززززززززززززززززززززززززززززززززززززززززززززززززززززززززززززززززززززززززززززززززززززززززززززززززززززززززززززززززززززززززشطوزززززززززززززززززززززززززززززززززززززززززززززززززززززززززززززززززززززززززززززززززززززززززززززززززززززززززززززززززززززززززززززززززززززززززززززززززززززززززززززززززززززززززززززززززززززززززززززززززززززززززززززززززززززززززززززززززززززززززشطوزززززززززززززززززززززززززززززززززززززززززززززززززززززززززززززززززززززززززززززززززززززززززززززززززززززززززززززززززززززززززززززززززززززززززززززززززززززززززززززززززززززززززززززززززززززززززززززززززززززززززززززززززززززززززززززززززززززززززشطوزززززززززززززززززززززززززززززززززززززززززززززززززززززززززززززززززززززززززززززززززززززززززززززززززززززززززززززززززززززززززززززززززززززززززززززززززززززززززززززززززززززززززززززززززززززززززززززززززززززززززززززززززززززززززززززززززززززززززشطوزززززززززززززززززززززززززززززززززززززززززززززززززززززززززززززززززززززززززززززززززززززززززززززززززززززززززززززززززززززززززززززززززززززززززززززززززززززززززززززززززززززززززززززززززززززززززززززززززززززززززززززززززززززززززززززززززززززززززشطوزززززززززززززززززززززززززززززززززززززززززززززززززززززززززززززززززززززززززززززززززززززززززززززززززززززززززززززززززززززززززززززززززززززززززززززززززززززززززززززززززززززززززززززززززززززززززززززززززززززززززززززززززززززززززززززززززززززززززشطوزززززززززززززززززززززززززززززززززززززززززززززززززززززززززززززززززززززززززززززززززززززززززززززززززززززززززززززززززززززززززززززززززززززززززززززززززززززززززززززززززززززززززززززززززززززززززززززززززززززززززززززززززززززززززززززززززززززززززشطوزززززززززززززززززززززززززززززززززززززززززززززززززززززززززززززززززززززززززززززززززززززززززززززززززززززززززززززززززززززززززززززززززززززززززززززززززززززززززززززززززززززززززززززززززززززززززززززززززززززززززززززززززززززززززززززززززززززززززشطوزززززززززززززززززززززززززززززززززززززززززززززززززززززززززززززززززززززززززززززززززززززززززززززززززززززززززززززززززززززززززززززززززززززززززززززززززززززززززززززززززززززززززززززززززززززززززززززززززززززززززززززززززززززززززززززززززززززززززشطوزززززززززززززززززززززززززززززززززززززززززززززززززززززززززززززززززززززززززززززززززززززززززززززززززززززززززززززززززززززززززززززززززززززززززززززززززززززززززززززززززززززززززززززززززززززززززززززززززززززززززززززززززززززززززززززززززززززززززشطوزززززززززززززززززززززززززززززززززززززززززززززززززززززززززززززززززززززززززززززززززززززززززززززززززززززززززززززززززززززززززززززززززززززززززززززززززززززززززززززززززززززززززززززززززززززززززززززززززززززززززززززززززززززززززززززززززززززززززشطوزززززززززززززززززززززززززززززززززززززززززززززززززززززززززززززززززززززززززززززززززززززززززززززززززززززززززززززززززززززززززززززززززززززززززززززززززززززززززززززززززززززززززززززززززززززززززززززززززززززززززززززززززززززززززززززززززززززززززشطوزززززززززززززززززززززززززززززززززززززززززززززززززززززززززززززززززززززززززززززززززززززززززززززززززززززززززززززززززززززززززززززززززززززززززززززززززززززززززززززززززززززززززززززززززززززززززززززززززززززززززززززززززززززززززززززززززززززززززشطوزززززززززززززززززززززززززززززززززززززززززززززززززززززززززززززززززززززززززززززززززززززززززززززززززززززززززززززززززززززززززززززززززززززززززززززززززززززززززززززززززززززززززززززززززززززززززززززززززززززززززززززززززززززززززززززززززززززززززشطوزززززززززززززززززززززززززززززززززززززززززززززززززززززززززززززززززززززززززززززززززززززززززززززززززززززززززززززززززززززززززززززززززززززززززززززززززززززززززززززززززززززززززززززززززززززززززززززززززززززززززززززززززززززززززززززززززززززززززشطوزززززززززززززززززززززززززززززززززززززززززززززززززززززززززززززززززززززززززززززززززززززززززززززززززززززززززززززززززززززززززززززززززززززززززززززززززززززززززززززززززززززززززززززززززززززززززززززززززززززززززززززززززززززززززززززززززززززززززشطوزززززززززززززززززززززززززززززززززززززززززززززززززززززززززززززززززززززززززززززززززززززززززززززززززززززززززززززززززززززززززززززززززززززززززززززززززززززززززززززززززززززززززززززززززززززززززززززززززززززززززززززززززززززززززززززززززززززززززشطوزززززززززززززززززززززززززززززززززززززززززززززززززززززززززززززززززززززززززززززززززززززززززززززززززززززززززززززززززززززززززززززززززززززززززززززززززززززززززززززززززززززززززززززززززززززززززززززززززززززززززززززززززززززززززززززززززززززززززشطوزززززززززززززززززززززززززززززززززززززززززززززززززززززززززززززززززززززززززززززززززززززززززززززززززززززززززززززززززززززززززززززززززززززززززززززززززززززززززززززززززززززززززززززززززززززززززززززززززززززززززززززززززززززززززززززززززززززززززشطوزززززززززززززززززززززززززززززززززززززززززززززززززززززززززززززززززززززززززززززززززززززززززززززززززززززززززززززززززززززززززززززززززززززززززززززززززززززززززززززززززززززززززززززززززززززززززززززززززززززززززززززززززززززززززززززززززززززززززشطوزززززززززززززززززززززززززززززززززززززززززززززززززززززززززززززززززززززززززززززززززززززززززززززززززززززززززززززززززززززززززززززززززززززززززززززززززززززززززززززززززززززززززززززززززززززززززززززززززززززززززززززززززززززززززززززززززززززززززشطوزززززززززززززززززززززززززززززززززززززززززززززززززززززززززززززززززززززززززززززززززززززززززززززززززززززززززززززززززززززززززززززززززززززززززززززززززززززززززززززززززززززززززززززززززززززززززززززززززززززززززززززززززززززززززززززززززززززززززشطوزززززززززززززززززززززززززززززززززززززززززززززززززززززززززززززززززززززززززززززززززززززززززززززززززززززززززززززززززززززززززززززززززززززززززززززززززززززززززززززززززززززززززززززززززززززززززززززززززززززززززززززززززززززززززززززززززززززززززشطوزززززززززززززززززززززززززززززززززززززززززززززززززززززززززززززززززززززززززززززززززززززززززززززززززززززززززززززززززززززززززززززززززززززززززززززززززززززززززززززززززززززززززززززززززززززززززززززززززززززززززززززززززززززززززززززززززززززززززشطوزززززززززززززززززززززززززززززززززززززززززززززززززززززززززززززززززززززززززززززززززززززززززززززززززززززززززززززززززززززززززززززززززززززززززززززززززززززززززززززززززززززززززززززززززززززززززززززززززززززززززززززززززززززززززززززززززززززززززشطوزززززززززززززززززززززززززززززززززززززززززززززززززززززززززززززززززززززززززززززززززززززززززززززززززززززززززززززززززززززززززززززززززززززززززززززززززززززززززززززززززززززززززززززززززززززززززززززززززززززززززززززززززززززززززززززززززززززززززشطوزززززززززززززززززززززززززززززززززززززززززززززززززززززززززززززززززززززززززززززززززززززززززززززززززززززززززززززززززززززززززززززززززززززززززززززززززززززززززززززززززززززززززززززززززززززززززززززززززززززززززززززززززززززززززززززززززززززززززشطوزززززززززززززززززززززززززززززززززززززززززززززززززززززززززززززززززززززززززززززززززززززززززززززززززززززززززززززززززززززززززززززززززززززززززززززززززززززززززززززززززززززززززززززززززززززززززززززززززززززززززززززززززززززززززززززززززززززززززشطوزززززززززززززززززززززززززززززززززززززززززززززززززززززززززززززززززززززززززززززززززززززززززززززززززززززززززززززززززززززززززززززززززززززززززززززززززززززززززززززززززززززززززززززززززززززززززززززززززززززززززززززززززززززززززززززززززززززززززشطوزززززززززززززززززززززززززززززززززززززززززززززززززززززززززززززززززززززززززززززززززززززززززززززززززززززززززززززززززززززززززززززززززززززززززززززززززززززززززززززززززززززززززززززززززززززززززززززززززززززززززززززززززززززززززززززززززززززززززشطوزززززززززززززززززززززززززززززززززززززززززززززززززززززززززززززززززززززززززززززززززززززززززززززززززززززززززززززززززززززززززززززززززززززززززززززززززززززززززززززززززززززززززززززززززززززززززززززززززززززززززززززززززززززززززززززززززززززززززشطوزززززززززززززززززززززززززززززززززززززززززززززززززززززززززززززززززززززززززززززززززززززززززززززززززززززززززززززززززززززززززززززززززززززززززززززززززززززززززززززززززززززززززززززززززززززززززززززززززززززززززززززززززززززززززززززززززززززززززشطوزززززززززززززززززززززززززززززززززززززززززززززززززززززززززززززززززززززززززززززززززززززززززززززززززززززززززززززززززززززززززززززززززززززززززززززززززززززززززززززززززززززززززززززززززززززززززززززززززززززززززززززززززززززززززززززززززززززززززشطوزززززززززززززززززززززززززززززززززززززززززززززززززززززززززززززززززززززززززززززززززززززززززززززززززززززززززززززززززززززززززززززززززززززززززززززززززززززززززززززززززززززززززززززززززززززززززززززززززززززززززززززززززززززززززززززززززززززززززشطوزززززززززززززززززززززززززززززززززززززززززززززززززززززززززززززززززززززززززززززززززززززززززززززززززززززززززززززززززززززززززززززززززززززززززززززززززززززززززززززززززززززززززززززززززززززززززززززززززززززززززززززززززززززززززززززززززززززززززشطوزززززززززززززززززززززززززززززززززززززززززززززززززززززززززززززززززززززززززززززززززززززززززززززززززززززززززززززززززززززززززززززززززززززززززززززززززززززززززززززززززززززززززززززززززززززززززززززززززززززززززززززززززززززززززززززززززززززززززشطوزززززززززززززززززززززززززززززززززززززززززززززززززززززززززززززززززززززززززززززززززززززززززززززززززززززززززززززززززززززززززززززززززززززززززززززززززززززززززززززززززززززززززززززززززززززززززززززززززززززززززززززززززززززززززززززززززززززززززشطوزززززززززززززززززززززززززززززززززززززززززززززززززززززززززززززززززززززززززززززززززززززززززززززززززززززززززززززززززززززززززززززززززززززززززززززززززززززززززززززززززززززززززززززززززززززززززززززززززززززززززززززززززززززززززززززززززززززززززشطوزززززززززززززززززززززززززززززززززززززززززززززززززززززززززززززززززززززززززززززززززززززززززززززززززززززززززززززززززززززززززززززززززززززززززززززززززززززززززززززززززززززززززززززززززززززززززززززززززززززززززززززززززززززززززززززززززززززززززشطوزززززززززززززززززززززززززززززززززززززززززززززززززززززززززززززززززززززززززززززززززززززززززززززززززززززززززززززززززززززززززززززززززززززززززززززززززززززززززززززززززززززززززززززززززززززززززززززززززززززززززززززززززززززززززززززززززززززززززشطوزززززززززززززززززززززززززززززززززززززززززززززززززززززززززززززززززززززززززززززززززززززززززززززززززززززززززززززززززززززززززززززززززززززززززززززززززززززززززززززززززززززززززززززززززززززززززززززززززززززززززززززززززززززززززززززززززززززززززشطوزززززززززززززززززززززززززززززززززززززززززززززززززززززززززززززززززززززززززززززززززززززززززززززززززززززززززززززززززززززززززززززززززززززززززززززززززززززززززززززززززززززززززززززززززززززززززززززززززززززززززززززززززززززززززززززززززززززززززشطوزززززززززززززززززززززززززززززززززززززززززززززززززززززززززززززززززززززززززززززززززززززززززززززززززززززززززززززززززززززززززززززززززززززززززززززززززززززززززززززززززززززززززززززززززززززززززززززززززززززززززززززززززززززززززززززززززززززززززشطوزززززززززززززززززززززززززززززززززززززززززززززززززززززززززززززززززززززززززززززززززززززززززززززززززززززززززززززززززززززززززززززززززززززززززززززززززززززززززززززززززززززززززززززززززززززززززززززززززززززززززززززززززززززززززززززززززززززززززشطوزززززززززززززززززززززززززززززززززززززززززززززززززززززززززززززززززززززززززززززززززززززززززززززززززززززززززززززززززززززززززززززززززززززززززززززززززززززززززززززززززززززززززززززززززززززززززززززززززززززززززززززززززززززززززززززززززززززززززشطوزززززززززززززززززززززززززززززززززززززززززززززززززززززززززززززززززززززززززززززززززززززززززززززززززززززززززززززززززززززززززززززززززززززززززززززززززززززززززززززززززززززززززززززززززززززززززززززززززززززززززززززززززززززززززززززززززززززززززشطوزززززززززززززززززززززززززززززززززززززززززززززززززززززززززززززززززززززززززززززززززززززززززززززززززززززززززززززززززززززززززززززززززززززززززززززززززززززززززززززززززززززززززززززززززززززززززززززززززززززززززززززززززززززززززززززززززززززززززشطوزززززززززززززززززززززززززززززززززززززززززززززززززززززززززززززززززززززززززززززززززززززززززززززززززززززززززززززززززززززززززززززززززززززززززززززززززززززززززززززززززززززززززززززززززززززززززززززززززززززززززززززززززززززززززززززززززززززززززشطوزززززززززززززززززززززززززززززززززززززززززززززززززززززززززززززززززززززززززززززززززززززززززززززززززززززززززززززززززززززززززززززززززززززززززززززززززززززززززززززززززززززززززززززززززززززززززززززززززززززززززززززززززززززززززززززززززززززززززشطوزززززززززززززززززززززززززززززززززززززززززززززززززززززززززززززززززززززززززززززززززززززززززززززززززززززززززززززززززززززززززززززززززززززززززززززززززززززززززززززززززززززززززززززززززززززززززززززززززززززززززززززززززززززززززززززززززززززززززشطوزززززززززززززززززززززززززززززززززززززززززززززززززززززززززززززززززززززززززززززززززززززززززززززززززززززززززززززززززززززززززززززززززززززززززززززززززززززززززززززززززززززززززززززززززززززززززززززززززززززززززززززززززززززززززززززززززززززززززشطوزززززززززززززززززززززززززززززززززززززززززززززززززززززززززززززززززززززززززززززززززززززززززززززززززززززززززززززززززززززززززززززززززززززززززززززززززززززززززززززززززززززززززززززززززززززززززززززززززززززززززززززززززززززززززززززززززززززززززشطوزززززززززززززززززززززززززززززززززززززززززززززززززززززززززززززززززززززززززززززززززززززززززززززززززززززززززززززززززززززززززززززززززززززززززززززززززززززززززززززززززززززززززززززززززززززززززززززززززززززززززززززززززززززززززززززززززززززززززشطوزززززززززززززززززززززززززززززززززززززززززززززززززززززززززززززززززززززززززززززززززززززززززززززززززززززززززززززززززززززززززززززززززززززززززززززززززززززززززززززززززززززززززززززززززززززززززززززززززززززززززززززززززززززززززززززززززززززززززشطوزززززززززززززززززززززززززززززززززززززززززززززززززززززززززززززززززززززززززززززززززززززززززززززززززززززززززززززززززززززززززززززززززززززززززززززززززززززززززززززززززززززززززززززززززززززززززززززززززززززززززززززززززززززززززززززززززززززززززشررررررررررررررررررررررررررررررررررررررررررررررررررررر', 'new', '2025-06-18 19:35:34'),
(14, '~ؤ', 'yjmt469999@gmail.com', '01024485693', 'سيبلغتهنخ', 'طوزززززززززززززززززززززززززززززززززززززززززززززززززززززززززززززززززززززززززززززززززززززززززززززززززززززززززززززززززززززززززززززززززززززززززززززززززززززززززززززززززززززززززززززززززززززززززززززززززززززززززززززززززززززززززززززززززززززززززشطوزززززززززززززززززززززززززززززززززززززززززززززززززززززززززززززززززززززززززززززززززززززززززززززززززززززززززززززززززززززززززززززززززززززززززززززززززززززززززززززززززززززززززززززززززززززززززززززززززززززززززززززززززززززززززززززززززززززززززشطوزززززززززززززززززززززززززززززززززززززززززززززززززززززززززززززززززززززززززززززززززززززززززززززززززززززززززززززززززززززززززززززززززززززززززززززززززززززززززززززززززززززززززززززززززززززززززززززززززززززززززززززززززززززززززززززززززززززززززشطوزززززززززززززززززززززززززززززززززززززززززززززززززززززززززززززززززززززززززززززززززززززززززززززززززززززززززززززززززززززززززززززززززززززززززززززززززززززززززززززززززززززززززززززززززززززززززززززززززززززززززززززززززززززززززززززززززززززززززشطوزززززززززززززززززززززززززززززززززززززززززززززززززززززززززززززززززززززززززززززززززززززززززززززززززززززززززززززززززززززززززززززززززززززززززززززززززززززززززززززززززززززززززززززززززززززززززززززززززززززززززززززززززززززززززززززززززززززززززشطوزززززززززززززززززززززززززززززززززززززززززززززززززززززززززززززززززززززززززززززززززززززززززززززززززززززززززززززززززززززززززززززززززززززززززززززززززززززززززززززززززززززززززززززززززززززززززززززززززززززززززززززززززززززززززززززززززززززززززشطوزززززززززززززززززززززززززززززززززززززززززززززززززززززززززززززززززززززززززززززززززززززززززززززززززززززززززززززززززززززززززززززززززززززززززززززززززززززززززززززززززززززززززززززززززززززززززززززززززززززززززززززززززززززززززززززززززززززززززشطوزززززززززززززززززززززززززززززززززززززززززززززززززززززززززززززززززززززززززززززززززززززززززززززززززززززززززززززززززززززززززززززززززززززززززززززززززززززززززززززززززززززززززززززززززززززززززززززززززززززززززززززززززززززززززززززززززززززززززشطوزززززززززززززززززززززززززززززززززززززززززززززززززززززززززززززززززززززززززززززززززززززززززززززززززززززززززززززززززززززززززززززززززززززززززززززززززززززززززززززززززززززززززززززززززززززززززززززززززززززززززززززززززززززززززززززززززززززززززشطوزززززززززززززززززززززززززززززززززززززززززززززززززززززززززززززززززززززززززززززززززززززززززززززززززززززززززززززززززززززززززززززززززززززززززززززززززززززززززززززززززززززززززززززززززززززززززززززززززززززززززززززززززززززززززززززززززززززززززشطوزززززززززززززززززززززززززززززززززززززززززززززززززززززززززززززززززززززززززززززززززززززززززززززززززززززززززززززززززززززززززززززززززززززززززززززززززززززززززززززززززززززززززززززززززززززززززززززززززززززززززززززززززززززززززززززززززززززززززشطوزززززززززززززززززززززززززززززززززززززززززززززززززززززززززززززززززززززززززززززززززززززززززززززززززززززززززززززززززززززززززززززززززززززززززززززززززززززززززززززززززززززززززززززززززززززززززززززززززززززززززززززززززززززززززززززززززززززززززشطوزززززززززززززززززززززززززززززززززززززززززززززززززززززززززززززززززززززززززززززززززززززززززززززززززززززززززززززززززززززززززززززززززززززززززززززززززززززززززززززززززززززززززززززززززززززززززززززززززززززززززززززززززززززززززززززززززززززززززشطوزززززززززززززززززززززززززززززززززززززززززززززززززززززززززززززززززززززززززززززززززززززززززززززززززززززززززززززززززززززززززززززززززززززززززززززززززززززززززززززززززززززززززززززززززززززززززززززززززززززززززززززززززززززززززززززززززززززززززشطوزززززززززززززززززززززززززززززززززززززززززززززززززززززززززززززززززززززززززززززززززززززززززززززززززززززززززززززززززززززززززززززززززززززززززززززززززززززززززززززززززززززززززززززززززززززززززززززززززززززززززززززززززززززززززززززززززززززززززشطوزززززززززززززززززززززززززززززززززززززززززززززززززززززززززززززززززززززززززززززززززززززززززززززززززززززززززززززززززززززززززززززززززززززززززززززززززززززززززززززززززززززززززززززززززززززززززززززززززززززززززززززززززززززززززززززززززززززززززشطوزززززززززززززززززززززززززززززززززززززززززززززززززززززززززززززززززززززززززززززززززززززززززززززززززززززززززززززززززززززززززززززززززززززززززززززززززززززززززززززززززززززززززززززززززززززززززززززززززززززززززززززززززززززززززززززززززززززززززشطوزززززززززززززززززززززززززززززززززززززززززززززززززززززززززززززززززززززززززززززززززززززززززززززززززززززززززززززززززززززززززززززززززززززززززززززززززززززززززززززززززززززززززززززززززززززززززززززززززززززززززززززززززززززززززززززززززززززززززشطوزززززززززززززززززززززززززززززززززززززززززززززززززززززززززززززززززززززززززززززززززززززززززززززززززززززززززززززززززززززززززززززززززززززززززززززززززززززززززززززززززززززززززززززززززززززززززززززززززززززززززززززززززززززززززززززززززززززززززشطوزززززززززززززززززززززززززززززززززززززززززززززززززززززززززززززززززززززززززززززززززززززززززززززززززززززززززززززززززززززززززززززززززززززززززززززززززززززززززززززززززززززززززززززززززززززززززززززززززززززززززززززززززززززززززززززززززززززززززشطوزززززززززززززززززززززززززززززززززززززززززززززززززززززززززززززززززززززززززززززززززززززززززززززززززززززززززززززززززززززززززززززززززززززززززززززززززززززززززززززززززززززززززززززززززززززززززززززززززززززززززززززززززززززززززززززززززززززززززشطوزززززززززززززززززززززززززززززززززززززززززززززززززززززززززززززززززززززززززززززززززززززززززززززززززززززززززززززززززززززززززززززززززززززززززززززززززززززززززززززززززززززززززززززززززززززززززززززززززززززززززززززززززززززززززززززززززززززززززشطوزززززززززززززززززززززززززززززززززززززززززززززززززززززززززززززززززززززززززززززززززززززززززززززززززززززززززززززززززززززززززززززززززززززززززززززززززززززززززززززززززززززززززززززززززززززززززززززززززززززززززززززززززززززززززززززززززززززززززشطوزززززززززززززززززززززززززززززززززززززززززززززززززززززززززززززززززززززززززززززززززززززززززززززززززززززززززززززززززززززززززززززززززززززززززززززززززززززززززززززززززززززززززززززززززززززززززززززززززززززززززززززززززززززززززززززززززززززززززشطوزززززززززززززززززززززززززززززززززززززززززززززززززززززززززززززززززززززززززززززززززززززززززززززززززززززززززززززززززززززززززززززززززززززززززززززززززززززززززززززززززززززززززززززززززززززززززززززززززززززززززززززززززززززززززززززززززززززززززشطوزززززززززززززززززززززززززززززززززززززززززززززززززززززززززززززززززززززززززززززززززززززززززززززززززززززززززززززززززززززززززززززززززززززززززززززززززززززززززززززززززززززززززززززززززززززززززززززززززززززززززززززززززززززززززززززززززززززززززشطوزززززززززززززززززززززززززززززززززززززززززززززززززززززززززززززززززززززززززززززززززززززززززززززززززززززززززززززززززززززززززززززززززززززززززززززززززززززززززززززززززززززززززززززززززززززززززززززززززززززززززززززززززززززززززززززززززززززززززشطوزززززززززززززززززززززززززززززززززززززززززززززززززززززززززززززززززززززززززززززززززززززززززززززززززززززززززززززززززززززززززززززززززززززززززززززززززززززززززززززززززززززززززززززززززززززززززززززززززززززززززززززززززززززززززززززززززززززززززشطوزززززززززززززززززززززززززززززززززززززززززززززززززززززززززززززززززززززززززززززززززززززززززززززززززززززززززززززززززززززززززززززززززززززززززززززززززززززززززززززززززززززززززززززززززززززززززززززززززززززززززززززززززززززززززززززززززززززززززشطوزززززززززززززززززززززززززززززززززززززززززززززززززززززززززززززززززززززززززززززززززززززززززززززززززززززززززززززززززززززززززززززززززززززززززززززززززززززززززززززززززززززززززززززززززززززززززززززززززززززززززززززززززززززززززززززززززززززززززشطوزززززززززززززززززززززززززززززززززززززززززززززززززززززززززززززززززززززززززززززززززززززززززززززززززززززززززززززززززززززززززززززززززززززززززززززززززززززززززززززززززززززززززززززززززززززززززززززززززززززززززززززززززززززززززززززززززززززززززشطوزززززززززززززززززززززززززززززززززززززززززززززززززززززززززززززززززززززززززززززززززززززززززززززززززززززززززززززززززززززززززززززززززززززززززززززززززززززززززززززززززززززززززززززززززززززززززززززززززززززززززززززززززززززززززززززززززززززززززشطوزززززززززززززززززززززززززززززززززززززززززززززززززززززززززززززززززززززززززززززززززززززززززززززززززززززززززززززززززززززززززززززززززززززززززززززززززززززززززززززززززززززززززززززززززززززززززززززززززززززززززززززززززززززززززززززززززززززززززشطوزززززززززززززززززززززززززززززززززززززززززززززززززززززززززززززززززززززززززززززززززززززززززززززززززززززززززززززززززززززززززززززززززززززززززززززززززززززززززززززززززززززززززززززززززززززززززززززززززززززززززززززززززززززززززززززززززززززززززشطوزززززززززززززززززززززززززززززززززززززززززززززززززززززززززززززززززززززززززززززززززززززززززززززززززززززززززززززززززززززززززززززززززززززززززززززززززززززززززززززززززززززززززززززززززززززززززززززززززززززززززززززززززززززززززززززززززززززززززشطوزززززززززززززززززززززززززززززززززززززززززززززززززززززززززززززززززززززززززززززززززززززززززززززززززززززززززززززززززززززززززززززززززززززززززززززززززززززززززززززززززززززززززززززززززززززززززززززززززززززززززززززززززززززززززززززززززززززززززشطوزززززززززززززززززززززززززززززززززززززززززززززززززززززززززززززززززززززززززززززززززززززززززززززززززززززززززززززززززززززززززززززززززززززززززززززززززززززززززززززززززززززززززززززززززززززززززززززززززززززززززززززززززززززززززززززززززززززززززشطوزززززززززززززززززززززززززززززززززززززززززززززززززززززززززززززززززززززززززززززززززززززززززززززززززززززززززززززززززززززززززززززززززززززززززززززززززززززززززززززززززززززززززززززززززززززززززززززززززززززززززززززززززززززززززززززززززززززززززشطوزززززززززززززززززززززززززززززززززززززززززززززززززززززززززززززززززززززززززززززززززززززززززززززززززززززززززززززززززززززززززززززززززززززززززززززززززززززززززززززززززززززززززززززززززززززززززززززززززززززززززززززززززززززززززززززززززززززززززشطوزززززززززززززززززززززززززززززززززززززززززززززززززززززززززززززززززززززززززززززززززززززززززززززززززززززززززززززززززززززززززززززززززززززززززززززززززززززززززززززززززززززززززززززززززززززززززززززززززززززززززززززززززززززززززززززززززززززززززشطوزززززززززززززززززززززززززززززززززززززززززززززززززززززززززززززززززززززززززززززززززززززززززززززززززززززززززززززززززززززززززززززززززززززززززززززززززززززززززززززززززززززززززززززززززززززززززززززززززززززززززززززززززززززززززززززززززززززززززشطوزززززززززززززززززززززززززززززززززززززززززززززززززززززززززززززززززززززززززززززززززززززززززززززززززززززززززززززززززززززززززززززززززززززززززززززززززززززززززززززززززززززززززززززززززززززززززززززززززززززززززززززززززززززززززززززززززززززززززشطوزززززززززززززززززززززززززززززززززززززززززززززززززززززززززززززززززززززززززززززززززززززززززززززززززززززززززززززززززززززززززززززززززززززززززززززززززززززززززززززززززززززززززززززززززززززززززززززززززززززززززززززززززززززززززززززززززززززززززشطوزززززززززززززززززززززززززززززززززززززززززززززززززززززززززززززززززززززززززززززززززززززززززززززززززززززززززززززززززززززززززززززززززززززززززززززززززززززززززززززززززززززززززززززززززززززززززززززززززززززززززززززززززززززززززززززززززززززززززشطوزززززززززززززززززززززززززززززززززززززززززززززززززززززززززززززززززززززززززززززززززززززززززززززززززززززززززززززززززززززززززززززززززززززززززززززززززززززززززززززززززززززززززززززززززززززززززززززززززززززززززززززززززززززززززززززززززززززززززشطوزززززززززززززززززززززززززززززززززززززززززززززززززززززززززززززززززززززززززززززززززززززززززززززززززززززززززززززززززززززززززززززززززززززززززززززززززززززززززززززززززززززززززززززززززززززززززززززززززززززززززززززززززززززززززززززززززززززززززشطوزززززززززززززززززززززززززززززززززززززززززززززززززززززززززززززززززززززززززززززززززززززززززززززززززززززززززززززززززززززززززززززززززززززززززززززززززززززززززززززززززززززززززززززززززززززززززززززززززززززززززززززززززززززززززززززززززززززززززشطوزززززززززززززززززززززززززززززززززززززززززززززززززززززززززززززززززززززززززززززززززززززززززززززززززززززززززززززززززززززززززززززززززززززززززززززززززززززززززززززززززززززززززززززززززززززززززززززززززززززززززززززززززززززززززززززززززززززززززشطوزززززززززززززززززززززززززززززززززززززززززززززززززززززززززززززززززززززززززززززززززززززززززززززززززززززززززززززززززززززززززززززززززززززززززززززززززززززززززززززززززززززززززززززززززززززززززززززززززززززززززززززززززززززززززززززززززززززززززشطوزززززززززززززززززززززززززززززززززززززززززززززززززززززززززززززززززززززززززززززززززززززززززززززززززززززززززززززززززززززززززززززززززززززززززززززززززززززززززززززززززززززززززززززززززززززززززززززززززززززززززززززززززززززززززززززززززززززززززشطوزززززززززززززززززززززززززززززززززززززززززززززززززززززززززززززززززززززززززززززززززززززززززززززززززززززززززززززززززززززززززززززززززززززززززززززززززززززززززززززززززززززززززززززززززززززززززززززززززززززززززززززززززززززززززززززززززززززززززشطوزززززززززززززززززززززززززززززززززززززززززززززززززززززززززززززززززززززززززززززززززززززززززززززززززززززززززززززززززززززززززززززززززززززززززززززززززززززززززززززززززززززززززززززززززززززززززززززززززززززززززززززززززززززززززززززززززززززززززشطوزززززززززززززززززززززززززززززززززززززززززززززززززززززززززززززززززززززززززززززززززززززززززززززززززززززززززززززززززززززززززززززززززززززززززززززززززززززززززززززززززززززززززززززززززززززززززززززززززززززززززززززززززززززززززززززززززززززززززشطوزززززززززززززززززززززززززززززززززززززززززززززززززززززززززززززززززززززززززززززززززززززززززززززززززززززززززززززززززززززززززززززززززززززززززززززززززززززززززززززززززززززززززززززززززززززززززززززززززززززززززززززززززززززززززززززززززززززززززشطوزززززززززززززززززززززززززززززززززززززززززززززززززززززززززززززززززززززززززززززززززززززززززززززززززززززززززززززززززززززززززززززززززززززززززززززززززززززززززززززززززززززززززززززززززززززززززززززززززززززززززززززززززززززززززززززززززززززززززشطوزززززززززززززززززززززززززززززززززززززززززززززززززززززززززززززززززززززززززززززززززززززززززززززززززززززززززززززززززززززززززززززززززززززززززززززززززززززززززززززززززززززززززززززززززززززززززززززززززززززززززززززززززززززززززززززززززززززززززشطوزززززززززززززززززززززززززززززززززززززززززززززززززززززززززززززززززززززززززززززززززززززززززززززززززززززززززززززززززززززززززززززززززززززززززززززززززززززززززززززززززززززززززززززززززززززززززززززززززززززززززززززززززززززززززززززززززززززززززشطوزززززززززززززززززززززززززززززززززززززززززززززززززززززززززززززززززززززززززززززززززززززززززززززززززززززززززززززززززززززززززززززززززززززززززززززززززززززززززززززززززززززززززززززززززززززززززززززززززززززززززززززززززززززززززززززززززززززززززشطوزززززززززززززززززززززززززززززززززززززززززززززززززززززززززززززززززززززززززززززززززززززززززززززززززززززززززززززززززززززززززززززززززززززززززززززززززززززززززززززززززززززززززززززززززززززززززززززززززززززززززززززززززززززززززززززززززززززززززشطوزززززززززززززززززززززززززززززززززززززززززززززززززززززززززززززززززززززززززززززززززززززززززززززززززززززززززززززززززززززززززززززززززززززززززززززززززززززززززززززززززززززززززززززززززززززززززززززززززززززززززززززززززززززززززززززززززززززززززشطوزززززززززززززززززززززززززززززززززززززززززززززززززززززززززززززززززززززززززززززززززززززززززززززززززززززززززززززززززززززززززززززززززززززززززززززززززززززززززززززززززززززززززززززززززززززززززززززززززززززززززززززززززززززززززززززززززززززززززشطوزززززززززززززززززززززززززززززززززززززززززززززززززززززززززززززززززززززززززززززززززززززززززززززززززززززززززززززززززززززززززززززززززززززززززززززززززززززززززززززززززززززززززززززززززززززززززززززززززززززززززززززززززززززززززززززززززززززززززشطوزززززززززززززززززززززززززززززززززززززززززززززززززززززززززززززززززززززززززززززززززززززززززززززززززززززززززززززززززززززززززززززززززززززززززززززززززززززززززززززززززززززززززززززززززززززززززززززززززززززززززززززززززززززززززززززززززززززززززشطوزززززززززززززززززززززززززززززززززززززززززززززززززززززززززززززززززززززززززززززززززززززززززززززززززززززززززززززززززززززززززززززززززززززززززززززززززززززززززززززززززززززززززززززززززززززززززززززززززززززززززززززززززززززززززززززززززززززززززشطوزززززززززززززززززززززززززززززززززززززززززززززززززززززززززززززززززززززززززززززززززززززززززززززززززززززززززززززززززززززززززززززززززززززززززززززززززززززززززززززززززززززززززززززززززززززززززززززززززززززززززززززززززززززززززززززززززززززززززشطوزززززززززززززززززززززززززززززززززززززززززززززززززززززززززززززززززززززززززززززززززززززززززززززززززززززززززززززززززززززززززززززززززززززززززززززززززززززززززززززززززززززززززززززززززززززززززززززززززززززززززززززززززززززززززززززززززززززززززشطوزززززززززززززززززززززززززززززززززززززززززززززززززززززززززززززززززززززززززززززززززززززززززززززززززززززززززززززززززززززززززززززززززززززززززززززززززززززززززززززززززززززززززززززززززززززززززززززززززززززززززززززززززززززززززززززززززززززززززشطوزززززززززززززززززززززززززززززززززززززززززززززززززززززززززززززززززززززززززززززززززززززززززززززززززززززززززززززززززززززززززززززززززززززززززززززززززززززززززززززززززززززززززززززززززززززززززززززززززززززززززززززززززززززززززززززززززززززززززشطوزززززززززززززززززززززززززززززززززززززززززززززززززززززززززززززززززززززززززززززززززززززززززززززززززززززززززززززززززززززززززززززززززززززززززززززززززززززززززززززززززززززززززززززززززززززززززززززززززززززززززززززززززززززززززززززززززززززززززشطوزززززززززززززززززززززززززززززززززززززززززززززززززززززززززززززززززززززززززززززززززززززززززززززززززززززززززززززززززززززززززززززززززززززززززززززززززززززززززززززززززززززززززززززززززززززززززززززززززززززززززززززززززززززززززززززززززززززززززشطوزززززززززززززززززززززززززززززززززززززززززززززززززززززززززززززززززززززززززززززززززززززززززززززززززززززززززززززززززززززززززززززززززززززززززززززززززززززززززززززززززززززززززززززززززززززززززززززززززززززززززززززززززززززززززززززززززززززززززشطوزززززززززززززززززززززززززززززززززززززززززززززززززززززززززززززززززززززززززززززززززززززززززززززززززززززززززززززززززززززززززززززززززززززززززززززززززززززززززززززززززززززززززززززززززززززززززززززززززززززززززززززززززززززززززززززززززززززززززشطوزززززززززززززززززززززززززززززززززززززززززززززززززززززززززززززززززززززززززززززززززززززززززززززززززززززززززززززززززززززززززززززززززززززززززززززززززززززززززززززززززززززززززززززززززززززززززززززززززززززززززززززززززززززززززززززززززززززززززشطوزززززززززززززززززززززززززززززززززززززززززززززززززززززززززززززززززززززززززززززززززززززززززززززززززززززززززززززززززززززززززززززززززززززززززززززززززززززززززززززززززززززززززززززززززززززززززززززززززززززززززززززززززززززززززززززززززززززززززشطوزززززززززززززززززززززززززززززززززززززززززززززززززززززززززززززززززززززززززززززززززززززززززززززززززززززززززززززززززززززززززززززززززززززززززززززززززززززززززززززززززززززززززززززززززززززززززززززززززززززززززززززززززززززززززززززززززززززززززشطوزززززززززززززززززززززززززززززززززززززززززززززززززززززززززززززززززززززززززززززززززززززززززززززززززززززززززززززززززززززززززززززززززززززززززززززززززززززززززززززززززززززززززززززززززززززززززززززززززززززززززززززززززززززززززززززززززززززززززشطوزززززززززززززززززززززززززززززززززززززززززززززززززززززززززززززززززززززززززززززززززززززززززززززززززززززززززززززززززززززززززززززززززززززززززززززززززززززززززززززززززززززززززززززززززززززززززززززززززززززززززززززززززززززززززززززززززززززززززشطوزززززززززززززززززززززززززززززززززززززززززززززززززززززززززززززززززززززززززززززززززززززززززززززززززززززززززززززززززززززززززززززززززززززززززززززززززززززززززززززززززززززززززززززززززززززززززززززززززززززززززززززززززززززززززززززززززززززززززشطوزززززززززززززززززززززززززززززززززززززززززززززززززززززززززززززززززززززززززززززززززززززززززززززززززززززززززززززززززززززززززززززززززززززززززززززززززززززززززززززززززززززززززززززززززززززززززززززززززززززززززززززززززززززززززززززززززززززززززشطوزززززززززززززززززززززززززززززززززززززززززززززززززززززززززززززززززززززززززززززززززززززززززززززززززززززززززززززززززززززززززززززززززززززززززززززززززززززززززززززززززززززززززززززززززززززززززززززززززززززززززززززززززززززززززززززززززززززززززشطوزززززززززززززززززززززززززززززززززززززززززززززززززززززززززززززززززززززززززززززززززززززززززززززززززززززززززززززززززززززززززززززززززززززززززززززززززززززززززززززززززززززززززززززززززززززززززززززززززززززززززززززززززززززززززززززززززززززززززشطوزززززززززززززززززززززززززززززززززززززززززززززززززززززززززززززززززززززززززززززززززززززززززززززززززززززززززززززززززززززززززززززززززززززززززززززززززززززززززززززززززززززززززززززززززززززززززززززززززززززززززززززززززززززززززززززززززززززززززشطوزززززززززززززززززززززززززززززززززززززززززززززززززززززززززززززززززززززززززززززززززززززززززززززززززززززززززززززززززززززززززززززززززززززززززززززززززززززززززززززززززززززززززززززززززززززززززززززززززززززززززززززززززززززززززززززززززززززززززشطوزززززززززززززززززززززززززززززززززززززززززززززززززززززززززززززززززززززززززززززززززززززززززززززززززززززززززززززززززززززززززززززززززززززززززززززززززززززززززززززززززززززززززززززززززززززززززززززززززززززززززززززززززززززززززززززززززززززززززشطوزززززززززززززززززززززززززززززززززززززززززززززززززززززززززززززززززززززززززززززززززززززززززززززززززززززززززززززززززززززززززززززززززززززززززززززززززززززززززززززززززززززززززززززززززززززززززززززززززززززززززززززززززززززززززززززززززززززززززشطوزززززززززززززززززززززززززززززززززززززززززززززززززززززززززززززززززززززززززززززززززززززززززززززززززززززززززززززززززززززززززززززززززززززززززززززززززززززززززززززززززززززززززززززززززززززززززززززززززززززززززززززززززززززززززززززززززززززززززشطوزززززززززززززززززززززززززززززززززززززززززززززززززززززززززززززززززززززززززززززززززززززززززززززززززززززززززززززززززززززززززززززززززززززززززززززززززززززززززززززززززززززززززززززززززززززززززززززززززززززززززززززززززززززززززززززززززززززززززشطوزززززززززززززززززززززززززززززززززززززززززززززززززززززززززززززززززززززززززززززززززززززززززززززززززززززززززززززززززززززززززززززززززززززززززززززززززززززززززززززززززززززززززززززززززززززززززززززززززززززززززززززززززززززززززززززززززززززززززشطوزززززززززززززززززززززززززززززززززززززززززززززززززززززززززززززززززززززززززززززززززززززززززززززززززززززززززززززززززززززززززززززززززززززززززززززززززززززززززززززززززززززززززززززززززززززززززززززززززززززززززززززززززززززززززززززززززززززززززشطوزززززززززززززززززززززززززززززززززززززززززززززززززززززززززززززززززززززززززززززززززززززززززززززززززززززززززززززززززززززززززززززززززززززززززززززززززززززززززززززززززززززززززززززززززززززززززززززززززززززززززززززززززززززززززززززززززززززززززشطوزززززززززززززززززززززززززززززززززززززززززززززززززززززززززززززززززززززززززززززززززززززززززززززززززززززززززززززززززززززززززززززززززززززززززززززززززززززززززززززززززززززززززززززززززززززززززززززززززززززززززززززززززززززززززززززززززززززززززشررررررررررررررررررررررررررررررررررررررررررررررررررررر', 'new', '2025-06-18 19:37:20');

-- --------------------------------------------------------

--
-- Table structure for table `orders`
--

CREATE TABLE `orders` (
  `order_id` int(11) NOT NULL,
  `user_id` int(11) DEFAULT NULL,
  `order_number` varchar(20) NOT NULL,
  `total_amount` decimal(10,2) NOT NULL,
  `status` enum('new','processing','ready','delivered','cancelled','trash','archived') DEFAULT 'new',
  `payment_status` enum('pending','paid','failed') DEFAULT 'pending',
  `payment_method` varchar(50) DEFAULT NULL,
  `delivery_method_id` int(11) DEFAULT NULL,
  `delivery_type` enum('pickup','delivery') DEFAULT NULL,
  `shipping_name` varchar(100) DEFAULT NULL,
  `pickup_name` varchar(100) DEFAULT NULL,
  `pickup_phone` varchar(20) DEFAULT NULL,
  `shipping_phone` varchar(20) DEFAULT NULL,
  `shipping_email` varchar(100) DEFAULT NULL,
  `shipping_address` text DEFAULT NULL,
  `shipping_city` varchar(50) DEFAULT NULL,
  `shipping_country` varchar(50) DEFAULT NULL,
  `shipping_cost` decimal(10,2) DEFAULT 0.00,
  `notes` text DEFAULT NULL,
  `created_at` timestamp NOT NULL DEFAULT current_timestamp(),
  `updated_at` timestamp NOT NULL DEFAULT current_timestamp() ON UPDATE current_timestamp(),
  `payment_proof` varchar(255) DEFAULT NULL,
  `payment_date` datetime DEFAULT NULL,
  `points_used` int(11) DEFAULT 0 COMMENT 'عدد النقاط المستخدمة في الطلب',
  `points_discount` decimal(10,2) DEFAULT 0.00 COMMENT 'قيمة الخصم من النقاط',
  `points_earned` int(11) DEFAULT 0 COMMENT 'عدد النقاط المكتسبة من الطلب'
) ENGINE=InnoDB DEFAULT CHARSET=utf8mb4 COLLATE=utf8mb4_unicode_ci;

--
-- Dumping data for table `orders`
--

INSERT INTO `orders` (`order_id`, `user_id`, `order_number`, `total_amount`, `status`, `payment_status`, `payment_method`, `delivery_method_id`, `delivery_type`, `shipping_name`, `pickup_name`, `pickup_phone`, `shipping_phone`, `shipping_email`, `shipping_address`, `shipping_city`, `shipping_country`, `shipping_cost`, `notes`, `created_at`, `updated_at`, `payment_proof`, `payment_date`, `points_used`, `points_discount`, `points_earned`) VALUES
(72, 6, 'ORD-20250615-5801', 110.00, 'archived', 'pending', 'bank_transfer', NULL, NULL, NULL, NULL, NULL, NULL, NULL, NULL, NULL, NULL, 0.00, '\nتم رفع إثبات الدفع', '2025-06-15 07:52:05', '2025-06-15 10:53:21', 'payment_72_684e7bc9a0893_مذكرة ٢ ثانوي الترم الاول _Page14.png', '2025-06-15 10:52:41', 0, 0.00, 0),
(73, 6, 'ORD-20250615-5808', 0.00, 'archived', 'pending', 'bank_transfer', NULL, NULL, NULL, NULL, NULL, NULL, NULL, NULL, NULL, NULL, 0.00, '\nتم رفع إثبات الدفع', '2025-06-15 07:54:05', '2025-06-15 10:53:21', 'payment_73_684e7c2976a61_مذكرة ٢ ثانوي الترم الاول _Page9.png', '2025-06-15 10:54:17', 0, 0.00, 0),
(74, 6, 'ORD-20250615-4869', 502000.00, 'archived', 'pending', 'bank_transfer', NULL, NULL, NULL, NULL, NULL, NULL, NULL, NULL, NULL, NULL, 0.00, '\nتم رفع إثبات الدفع', '2025-06-15 07:55:12', '2025-06-15 10:53:21', 'payment_74_684e7e8eb9f06_مذكرة ٢ ثانوي الترم الاول _Page3.png', '2025-06-15 11:04:30', 0, 0.00, 0),
(75, 6, 'ORD-20250615-4323', 5382413.00, 'archived', 'pending', 'bank_transfer', NULL, NULL, NULL, NULL, NULL, NULL, NULL, NULL, NULL, NULL, 0.00, NULL, '2025-06-15 08:05:23', '2025-06-15 10:53:21', NULL, NULL, 0, 0.00, 0),
(76, 6, 'ORD-20250615-1749976', 5382413.00, 'archived', 'pending', 'bank_transfer', NULL, NULL, 'ٍ~]ؤرو', NULL, NULL, '01024485693', 'yjmt469999@gmail.com', 'ئ]ؤرلاىة, ~ْؤرلاى', 'المنوفية', NULL, 0.00, '~ْ}رلاىة', '2025-06-15 08:35:55', '2025-06-15 10:53:21', NULL, NULL, 0, 0.00, 0),
(92, 6, 'ORD-20250615-1749977', 400.00, 'archived', 'pending', 'bank_transfer', NULL, NULL, 'ئٍ]ْبرلاىة', NULL, NULL, '01024485693', 'yjmt469999@gmail.com', 'يثشقسغالتن, 540041', 'بورسعيد', NULL, 0.00, 'ثصقشثيبالؤات', '2025-06-15 08:43:52', '2025-06-15 10:53:21', NULL, NULL, 0, 0.00, 0),
(112, 6, 'ORD-20250615-1749978', 400.00, 'archived', 'pending', 'bank_transfer', NULL, NULL, 'كروت شخصية', NULL, NULL, '01024485693', 'yjmt469999@gmail.com', 'ءسيبللاات, 540041', 'الدقهلية', NULL, 0.00, 'شسيبلاىةو', '2025-06-15 09:00:17', '2025-06-15 10:53:21', NULL, NULL, 0, 0.00, 0),
(127, 6, 'ORD-20250616-9389', 526.00, 'new', 'pending', '', 1, 'pickup', NULL, 'بيءلؤات', '01024485693', NULL, NULL, NULL, NULL, NULL, 0.00, '', '2025-06-16 09:59:54', '2025-06-16 09:59:54', NULL, NULL, 0, 0.00, 0),
(128, 7, 'ORD-20250616-2595', 11.00, 'new', 'pending', '', 1, 'pickup', NULL, 'ت', '01002889688', NULL, NULL, NULL, NULL, NULL, 0.00, '', '2025-06-16 10:03:34', '2025-06-16 10:03:34', NULL, NULL, 0, 0.00, 0),
(129, 6, 'ORD-20250616-8719', 100.00, 'new', 'pending', '', 1, 'pickup', NULL, 'بيءلؤات', '01024485693', NULL, NULL, NULL, NULL, NULL, 0.00, '', '2025-06-16 10:05:01', '2025-06-16 10:05:01', NULL, NULL, 0, 0.00, 0),
(130, 6, 'ORD-20250616-2382', 100.00, 'new', 'pending', '', 1, 'pickup', NULL, 'بيءلؤات', '01024485693', NULL, NULL, NULL, NULL, NULL, 0.00, '\nتم رفع إثبات الدفع\nتم رفع إثبات الدفع', '2025-06-16 10:05:57', '2025-06-16 10:08:08', 'payment_130_684fed08bc0e6_منيو الطناوي ظهرpsd copy.jpg', '2025-06-16 13:08:08', 0, 0.00, 0),
(131, 6, 'ORD-20250616-3680', 11.00, 'new', 'pending', '', 1, 'pickup', NULL, 'بيءلؤات', '01024485693', NULL, NULL, NULL, NULL, NULL, 0.00, '\nتم رفع إثبات الدفع', '2025-06-16 10:11:36', '2025-06-16 10:12:02', 'payment_131_684fedf23d57e_klipartz.jpg', '2025-06-16 13:12:02', 0, 0.00, 0),
(132, 6, 'ORD-20250616-1091', 11.00, 'new', 'pending', 'bank_transfer', 2, 'delivery', 'سيبلا', NULL, NULL, '01024485693', 'yjmt469999@gmail.com', '4فثقل, 254724', 'أسيوط', NULL, 50.00, 'صثقف\nتم رفع إثبات الدفع', '2025-06-16 10:15:34', '2025-06-16 10:15:46', 'payment_132_684feed207957_بي.jpg', '2025-06-16 13:15:46', 0, 0.00, 0),
(133, 6, 'ORD-20250616-1471', 400.00, 'new', 'pending', 'cash_on_delivery', 2, 'delivery', 'سيبلا', NULL, NULL, '01024485693', 'yjmt469999@gmail.com', 'سيفبيغبث, 540041', 'دمياط', NULL, 50.00, 'فيقبغي\nتم رفع إثبات الدفع', '2025-06-16 10:17:58', '2025-06-16 10:18:06', 'payment_133_684fef5ec48e7_مذكرة ٢ ثانوي الترم الاول _Page1.png', '2025-06-16 13:18:06', 0, 0.00, 0),
(134, 19, 'ORD-20250616-8355', 22.00, 'new', 'pending', '', 1, 'pickup', NULL, 'بيءلؤات', '01024485693', NULL, NULL, NULL, NULL, NULL, 0.00, '\nتم رفع إثبات الدفع', '2025-06-16 11:45:26', '2025-06-16 11:45:44', 'payment_134_685003e8b6d95_Layer 2 copy.jpg', '2025-06-16 14:45:44', 0, 0.00, 0),
(135, 6, 'ORD-20250616-1190', 11.00, 'new', 'pending', '', 1, 'pickup', NULL, 'فغعهخ', '01024485693', NULL, NULL, NULL, NULL, NULL, 0.00, '\nتم رفع إثبات الدفع', '2025-06-16 11:49:28', '2025-06-16 11:49:37', 'payment_135_685004d16bec0_السيد الأستاذ الدكتور.pdf', '2025-06-16 14:49:37', 0, 0.00, 0),
(136, 6, 'ORD-20250616-2100', 11.00, 'new', 'pending', 'cash_on_delivery', 2, 'delivery', 'فثق', NULL, NULL, '01024485693', 'yjmt469999@gmail.com', 'قثفثفث', 'سوهاج', NULL, 50.00, 'ثقفصف\nتم رفع إثبات الدفع', '2025-06-16 11:56:27', '2025-06-16 11:56:35', 'payment_136_685006730d3f5_صورة واتساب بتاريخ 2024-08-20 في 15.32.16_4d82b79c.jpg', '2025-06-16 14:56:35', 0, 0.00, 0),
(137, 20, 'ORD-20250616-3985', 10400.00, 'new', 'pending', '', 1, 'pickup', NULL, 'زات ببنزةؤ', '01002889688', NULL, NULL, NULL, NULL, NULL, 0.00, '', '2025-06-16 12:06:45', '2025-06-16 12:06:45', NULL, NULL, 0, 0.00, 0),
(138, 6, 'ORD-20250616-5164', 11.00, 'new', 'pending', '', 1, 'pickup', NULL, 'qwe', '01024485693', NULL, NULL, NULL, NULL, NULL, 0.00, '\nتم رفع إثبات الدفع', '2025-06-16 12:36:21', '2025-06-16 12:36:30', 'payment_138_68500fce13728_Layer 2 copy.jpg', '2025-06-16 15:36:30', 0, 0.00, 0),
(139, 6, 'ORD-20250616-3916', 4000.00, 'new', 'pending', '', 1, 'pickup', NULL, 'فغعهخ', '01024485693', NULL, NULL, NULL, NULL, NULL, 0.00, '', '2025-06-16 12:44:08', '2025-06-16 12:44:08', NULL, NULL, 0, 0.00, 0),
(140, 6, 'ORD-20250616-2516', 11.00, 'new', 'pending', '', 1, 'pickup', NULL, 'خحن', '01024485693', NULL, NULL, NULL, NULL, NULL, 0.00, '\nتم رفع إثبات الدفع', '2025-06-16 12:52:15', '2025-06-16 12:52:24', 'payment_140_685013883b350_Layer 2 copy.jpg', '2025-06-16 15:52:24', 0, 0.00, 0),
(141, 18, 'ORD-20250617-0703', 968.00, 'new', 'pending', 'bank_transfer', 2, 'delivery', 'بدور', NULL, NULL, '01002889688', 'RAHMALIBRARY@GMAIL.COM', 'جمب تي', 'دمياط', NULL, 50.00, 'ءسسء', '2025-06-17 15:42:50', '2025-06-17 15:42:50', NULL, NULL, 0, 0.00, 0),
(142, 18, 'ORD-20250617-5561', 90000000.00, 'new', 'pending', '', 1, 'pickup', NULL, 'غع8هغع8هغعه', '01002889688', NULL, NULL, NULL, NULL, NULL, 0.00, '\nتم رفع إثبات الدفع', '2025-06-17 17:01:06', '2025-06-17 17:01:19', 'payment_142_68519f5fced49_WhatsApp Image 2025-06-15 at 20.23.13_c97cd2df.jpg', '2025-06-17 20:01:19', 0, 0.00, 0),
(143, 6, 'ORD-20250618-6509', 110.00, 'new', 'pending', '', 1, 'pickup', NULL, 'بيالتات', '01024485693', NULL, NULL, NULL, NULL, NULL, 0.00, '', '2025-06-18 09:14:58', '2025-06-18 09:14:58', NULL, NULL, 0, 0.00, 0),
(144, 6, 'ORD-20250618-0436', 1000110.00, 'new', 'pending', '', 1, 'pickup', NULL, 'بيءلؤات', '01024485693', NULL, NULL, NULL, NULL, NULL, 0.00, '\nتم رفع إثبات الدفع', '2025-06-18 09:36:06', '2025-06-18 09:36:16', 'payment_144_6852889086932_Layer 2 copy.jpg', '2025-06-18 12:36:16', 0, 0.00, 0),
(147, 6, 'ORD-20250618-0315', 10000.00, 'new', 'pending', '', 1, 'pickup', NULL, '1000', '01024485693', NULL, NULL, NULL, NULL, NULL, 0.00, '', '2025-06-18 11:23:44', '2025-06-18 11:23:44', NULL, NULL, 0, 0.00, 0),
(148, 6, 'ORD-20250618-9412', 10000.00, 'new', 'pending', '', 1, 'pickup', NULL, '1000', '01024485693', NULL, NULL, NULL, NULL, NULL, 0.00, '\nتم رفع إثبات الدفع', '2025-06-18 11:24:26', '2025-06-18 11:24:35', 'payment_148_6852a1f3d05c7_صورة واتساب بتاريخ 2024-08-20 في 15.32.16_4d82b79c.jpg', '2025-06-18 14:24:35', 0, 0.00, 0),
(158, 6, 'ORD-20250618-5591', 50000000.00, 'new', 'pending', '', 1, 'pickup', NULL, '1000', '01024485693', NULL, NULL, NULL, NULL, NULL, 0.00, '', '2025-06-18 12:09:27', '2025-06-18 12:09:27', NULL, NULL, 0, 0.00, 0),
(159, 6, 'ORD-20250618-9375', 110.00, 'new', 'pending', '', 1, 'pickup', NULL, '1000', '01024485693', NULL, NULL, NULL, NULL, NULL, 0.00, '\nتم رفع إثبات الدفع', '2025-06-18 12:10:35', '2025-06-18 12:10:47', 'payment_159_6852acc745f28_275713099_339323098235476_8975370795578897044_n.jpg', '2025-06-18 15:10:47', 0, 0.00, 0),
(160, 6, 'ORD-20250618-6326', 220.00, 'new', 'pending', '', 1, 'pickup', NULL, '1000', '01024485693', NULL, NULL, NULL, NULL, NULL, 0.00, '\nتم رفع إثبات الدفع', '2025-06-18 12:13:36', '2025-06-18 12:13:44', 'payment_160_6852ad781f653_صورة واتساب بتاريخ 2024-08-20 في 15.32.16_4d82b79c.jpg', '2025-06-18 15:13:44', 0, 0.00, 0),
(161, 21, 'ORD-20250618-1666', 550000.00, 'new', 'pending', '', 1, 'pickup', NULL, '1000', 'yjmt469999@gmail.com', NULL, NULL, NULL, NULL, NULL, 0.00, '\nتم رفع إثبات الدفع', '2025-06-18 12:51:25', '2025-06-18 12:51:33', 'payment_161_6852b6552c60f_Layer 2 copy.jpg', '2025-06-18 15:51:33', 0, 0.00, 0),
(163, 21, 'ORD-20250618-4891', 11.00, 'new', 'pending', '', 1, 'pickup', NULL, '1000', 'yjmt469999@gmail.com', NULL, NULL, NULL, NULL, NULL, 0.00, '\nتم رفع إثبات الدفع', '2025-06-18 13:13:35', '2025-06-18 14:37:01', 'payment_163_6852cf0de4001_ي.jpg', '2025-06-18 17:37:01', 0, 0.00, 0),
(164, 21, 'ORD-20250618-4207', 400.00, 'new', 'pending', '', 1, 'pickup', NULL, '1000', 'yjmt469999@gmail.com', NULL, NULL, NULL, NULL, NULL, 0.00, '\nتم رفع إثبات الدفع', '2025-06-18 13:14:21', '2025-06-18 13:14:30', 'payment_164_6852bbb62734b_275713099_339323098235476_8975370795578897044_n.jpg', '2025-06-18 16:14:30', 0, 0.00, 0),
(165, 21, 'ORD-20250618-2761', 1000.00, 'new', 'pending', '', 1, 'pickup', NULL, '1000', 'yjmt469999@gmail.com', NULL, NULL, NULL, NULL, NULL, 0.00, '\nتم رفع إثبات الدفع', '2025-06-18 13:21:45', '2025-06-18 14:12:53', 'payment_165_6852c9658af5c_ؤ.jpg', '2025-06-18 17:12:53', 27500, 275.00, 0),
(166, 21, 'ORD-20250618-2034', 9.90, 'new', 'pending', '', 1, 'pickup', NULL, '1000', 'yjmt469999@gmail.com', NULL, NULL, NULL, NULL, NULL, 0.00, '\nتم رفع إثبات الدفع', '2025-06-18 13:30:06', '2025-06-18 13:30:19', 'payment_166_6852bf6bb785a_Layer 2 copy.jpg', '2025-06-18 16:30:19', 110, 1.10, 0),
(167, 21, 'ORD-20250618-9106', 100.00, 'new', 'pending', '', 1, 'pickup', NULL, '1000', 'yjmt469999@gmail.com', NULL, NULL, NULL, NULL, NULL, 0.00, '\nتم رفع إثبات الدفع', '2025-06-18 13:44:58', '2025-06-18 13:45:07', 'payment_167_6852c2e353517_يسش.jpg', '2025-06-18 16:45:07', 0, 0.00, 0),
(168, 21, 'ORD-20250618-8163', 11.00, 'new', 'pending', 'bank_transfer', NULL, NULL, NULL, NULL, NULL, NULL, NULL, NULL, NULL, NULL, 0.00, '\nتم رفع إثبات الدفع', '2025-06-18 14:03:20', '2025-06-18 14:03:28', 'payment_168_6852c730328d1_ي.jpg', '2025-06-18 17:03:28', 0, 0.00, 0),
(169, 18, 'ORD-20250618-9853', 51400000.00, 'new', 'pending', '', 1, 'pickup', NULL, 'غع8هغع8هغعه', '01002889688', NULL, NULL, NULL, NULL, NULL, 0.00, '', '2025-06-18 14:10:57', '2025-06-18 14:10:57', NULL, NULL, 0, 0.00, 0),
(170, 21, 'ORD-20250618-6555', 49999974.10, 'new', 'pending', '', 1, 'pickup', NULL, '~ٍ]بر', 'yjmt469999@gmail.com', NULL, NULL, NULL, NULL, NULL, 0.00, '\nتم رفع إثبات الدفع', '2025-06-18 16:31:49', '2025-06-18 16:31:59', 'payment_170_6852e9ff3abe0_يسش.jpg', '2025-06-18 19:31:59', 2590, 25.90, 0),
(171, 7, 'ORD-20250618-8978', 1600.00, 'new', 'pending', '', 1, 'pickup', NULL, 'غع8هغع8هغعه', '01002889688', NULL, NULL, NULL, NULL, NULL, 0.00, '\nتم رفع إثبات الدفع', '2025-06-18 17:31:45', '2025-06-18 17:31:59', 'payment_171_6852f80f61e4c_WhatsApp Image 2025-06-15 at 20.23.13_c97cd2df.jpg', '2025-06-18 20:31:59', 0, 0.00, 0),
(172, 21, 'ORD-20250618-1079', 132.00, 'new', 'pending', '', 1, 'pickup', NULL, '123', 'yjmt469999@gmail.com', NULL, NULL, NULL, NULL, NULL, 0.00, '', '2025-06-18 19:25:27', '2025-06-18 19:25:27', NULL, NULL, 0, 0.00, 0),
(173, 21, 'ORD-20250619-1499', 550000.00, 'new', 'pending', '', 1, 'pickup', NULL, '1000', 'yjmt469999@gmail.com', NULL, NULL, NULL, NULL, NULL, 0.00, '\nتم رفع إثبات الدفع', '2025-06-19 11:41:45', '2025-06-19 11:41:54', 'payment_173_6853f782111fb_السيد الأستاذ الدكتور.pdf', '2025-06-19 14:41:54', 0, 0.00, 0),
(174, 21, 'ORD-20250619-0558', 5000052.00, 'new', 'pending', '', 1, 'pickup', NULL, '~ٍ]بر', 'yjmt469999@gmail.com', NULL, NULL, NULL, NULL, NULL, 0.00, '\nتم رفع إثبات الدفع', '2025-06-19 13:10:51', '2025-06-19 13:11:01', 'payment_174_68540c650a52b_images.jpeg', '2025-06-19 16:11:01', 0, 0.00, 0),
(175, 21, 'ORD-20250619-6932', 52.00, 'new', 'pending', '', 1, 'pickup', NULL, '1', 'yjmt469999@gmail.com', NULL, NULL, NULL, NULL, NULL, 0.00, '', '2025-06-19 13:13:35', '2025-06-19 13:13:35', NULL, NULL, 0, 0.00, 0),
(176, 21, 'ORD-20250619-7273', 52.00, 'new', 'pending', '', 1, 'pickup', NULL, '1', 'yjmt469999@gmail.com', NULL, NULL, NULL, NULL, NULL, 0.00, '', '2025-06-19 13:23:03', '2025-06-19 13:23:03', NULL, NULL, 0, 0.00, 0),
(177, 21, 'ORD-20250619-5080', 110.00, 'new', 'pending', '', 1, 'pickup', NULL, '34ث', 'yjmt469999@gmail.com', NULL, NULL, NULL, NULL, NULL, 0.00, '', '2025-06-19 13:26:16', '2025-06-19 13:26:16', NULL, NULL, 0, 0.00, 0),
(188, 21, 'ORD-20250621-7193', 550000.00, 'new', 'pending', '', 1, 'pickup', NULL, 'بطه وزه الكحيان', 'yjmt469999@gmail.com', NULL, NULL, NULL, NULL, NULL, 0.00, '', '2025-06-21 09:56:17', '2025-06-21 09:56:17', NULL, NULL, 0, 0.00, 0);

-- --------------------------------------------------------

--
-- Table structure for table `order_field_values`
--

CREATE TABLE `order_field_values` (
  `value_id` int(11) NOT NULL,
  `order_item_id` int(11) NOT NULL,
  `field_id` int(11) NOT NULL,
  `field_value` text DEFAULT NULL,
  `created_at` timestamp NOT NULL DEFAULT current_timestamp()
) ENGINE=InnoDB DEFAULT CHARSET=utf8mb4 COLLATE=utf8mb4_unicode_ci;

--
-- Dumping data for table `order_field_values`
--

INSERT INTO `order_field_values` (`value_id`, `order_item_id`, `field_id`, `field_value`, `created_at`) VALUES
(1, 158, 13, 'A2', '2025-06-19 13:41:28'),
(2, 159, 13, 'A6', '2025-06-19 13:45:52'),
(3, 161, 13, 'A4', '2025-06-19 14:56:12'),
(4, 163, 13, 'A3', '2025-06-19 15:14:00');

-- --------------------------------------------------------

--
-- Table structure for table `order_items`
--

CREATE TABLE `order_items` (
  `item_id` int(11) NOT NULL,
  `order_id` int(11) NOT NULL,
  `service_id` int(11) NOT NULL,
  `quantity` int(11) DEFAULT 1,
  `paper_type` varchar(50) DEFAULT NULL,
  `size` varchar(50) DEFAULT NULL,
  `colors` int(11) DEFAULT NULL,
  `notes` text DEFAULT NULL,
  `price` decimal(10,2) NOT NULL
) ENGINE=InnoDB DEFAULT CHARSET=utf8mb4 COLLATE=utf8mb4_unicode_ci;

--
-- Dumping data for table `order_items`
--

INSERT INTO `order_items` (`item_id`, `order_id`, `service_id`, `quantity`, `paper_type`, `size`, `colors`, `notes`, `price`) VALUES
(66, 72, 12, 65, '', '', 0, 'k.l,mnm', 715.00),
(67, 73, 9, 1, 'كرافت', 'A5', 0, '1111111111', 400.00),
(68, 74, 12, 100, '', '', 0, 'erty', 1100.00),
(69, 75, 10, 1, '', '', 0, 'ِ]ٍ[', 1000.00),
(70, 75, 11, 1, 'كوشيه', '', 0, 'ءسئؤلاى', 2.00),
(71, 75, 12, 1, '', '', 0, 'شسيبلاةو', 11.00),
(72, 76, 12, 1, '', '', 0, 'شيسبيلاةةوز', 11.00),
(73, 76, 9, 13456, 'لامع', 'A5', 0, 'ضصشثبايةلة', 5382400.00),
(74, 76, 11, 1, 'لامع', '', 0, 'سيقبفلات', 2.00),
(75, 92, 9, 1, 'استيكر', 'A3', 0, 'سيسبلغاتمنكط', 400.00),
(76, 112, 9, 1, 'لامع', 'A6', 0, 'ئٍْيبرىلاة', 400.00),
(91, 127, 8, 1, '', '', 0, 'ثصقفغ', 100.00),
(92, 127, 9, 1, 'كوشيه', 'A5', 0, 'يسفلبات', 400.00),
(93, 127, 11, 1, 'كوشيه', '', 0, 'ثقفغعت', 2.00),
(94, 127, 11, 1, 'كوشيه', '', 0, 'ثقفغعت', 2.00),
(95, 127, 11, 1, 'كوشيه', '', 0, 'ثقفغعت', 2.00),
(96, 127, 11, 10, 'لامع', '', 0, 'ثصقفغ', 20.00),
(97, 128, 12, 1, '', '', 0, '4', 11.00),
(98, 129, 8, 1, '', '', 0, 'صثقفغع', 100.00),
(99, 130, 8, 1, '', '', 0, 'ضصثقفغع', 100.00),
(100, 131, 12, 1, '', '', 0, 'صثقف', 11.00),
(101, 132, 12, 1, '', '', 0, 'ثصقف', 11.00),
(102, 133, 9, 1, 'مطفي', 'A5', 0, 'صضقثب', 400.00),
(103, 134, 12, 1, '', '', 0, 'wertyu', 11.00),
(104, 134, 12, 1, '', '', 0, 'ق', 11.00),
(105, 135, 12, 1, '', '', 0, 'شسيبلتا', 11.00),
(106, 136, 12, 1, '', '', 0, 'ثف', 11.00),
(107, 137, 9, 13, 'كوشيه', 'A3', 0, 'تمت', 5200.00),
(108, 137, 9, 13, 'كوشيه', 'A3', 0, 'تمت', 5200.00),
(109, 138, 12, 1, '', '', 0, 'wetryy', 11.00),
(110, 139, 9, 10, 'لامع', 'A5', 0, 'fsafds', 4000.00),
(111, 140, 12, 1, '', '', 0, 'ال', 11.00),
(112, 141, 12, 88, '', '', 0, '', 968.00),
(113, 142, 9, 50000, 'لامع', 'A4', 0, 'gzegfE', 20000000.00),
(114, 142, 9, 50000, 'مطفي', 'A4', 0, 'تختهعخاعه', 20000000.00),
(115, 142, 10, 50000, '', '', 0, 'gzdffff', 50000000.00),
(116, 143, 12, 10, '', '', 0, ';lkjhgfds', 110.00),
(117, 144, 12, 10, '', '', 0, 'ظزمتنالفقث', 110.00),
(118, 144, 10, 1000, '', '', 0, 'سشيشبلاةتوز', 1000000.00),
(121, 147, 8, 100, '', '', 0, 'تها', 10000.00),
(122, 148, 8, 100, '', '', 0, 'ئسيبلات', 10000.00),
(130, 156, 10, 50000, '', '', 0, 'منتالب', 50000000.00),
(131, 157, 10, 50000, '', '', 0, 'منتالب', 50000000.00),
(132, 158, 10, 50000, '', '', 0, 'منتالب', 50000000.00),
(133, 159, 12, 10, '', '', 0, 'منتالب', 110.00),
(134, 160, 12, 20, '', '', 0, 'ىةوم', 220.00),
(135, 161, 12, 50000, '', '', 0, 'نتالب', 550000.00),
(136, 163, 12, 50, '', '', 0, 's', 11.00),
(137, 164, 9, 10, 'مطفي', 'A4', 0, 'شسءلانزظ', 400.00),
(138, 165, 10, 52, '', '', 0, 'طكنتاليبسش', 1000.00),
(139, 166, 12, 1, '', '', 0, 'ؤء', 11.00),
(140, 167, 8, 1, '', '', 0, 'سيبل', 100.00),
(141, 168, 12, 1, '', '', 0, 'يبلات', 11.00),
(142, 169, 9, 1000, 'لامع', 'A4', 0, 'حاجة حلوة روق عليا', 400.00),
(143, 169, 10, 50000, '', '', 0, 'يرٍ{ٍ{لاىللا', 1000.00),
(144, 169, 10, 1000, '', '', 0, 'عايز حاجة بنت ناس', 1000.00),
(145, 170, 10, 50000, '', '', 0, '0نتالبايس', 1000.00),
(146, 171, 9, 4, 'لامع', 'A3', 0, '', 400.00),
(147, 172, 12, 12, '', '', 0, '2شيب', 11.00),
(148, 173, 12, 50000, '', '', 0, 'ثسقفيليبغي', 11.00),
(149, 174, 8, 50000, '', '', 0, '123456', 100.00),
(150, 174, 13, 1, '', '', 4, '12345', 52.00),
(151, 175, 13, 1, '', '', 1, '1', 52.00),
(152, 176, 13, 1, '', '', 3, '342', 52.00),
(153, 177, 12, 10, '', '', 0, 'ثقف', 11.00),
(154, 178, 13, 1, '', '', 1, 'صس', 52.00),
(155, 179, 12, 10, '', '', 0, 'ءر', 11.00),
(156, 180, 13, 1, '', '', 4, 'يسب', 52.00),
(157, 181, 13, 1324, '', '', 4, '234', 52.00),
(158, 182, 13, 1, '', '', 3, '342', 52.00),
(159, 183, 13, 1, '', '', 4, 'قيفغع', 52.00),
(160, 184, 12, 10, '', '', 0, 'YEWSQWETRYUO', 11.00),
(161, 185, 13, 10, '', '', 4, 'السلام عليكم', 52.00),
(162, 186, 12, 10, '', '', 0, '5555', 11.00),
(163, 187, 13, 10, '', '', 4, '5207', 52.00),
(164, 188, 12, 50000, '', '', 0, 'بطه', 11.00);

-- --------------------------------------------------------

--
-- Table structure for table `order_item_files`
--

CREATE TABLE `order_item_files` (
  `file_id` int(11) NOT NULL,
  `item_id` int(11) NOT NULL,
  `file_name` varchar(255) NOT NULL,
  `uploaded_at` timestamp NOT NULL DEFAULT current_timestamp(),
  `is_payment_proof` tinyint(1) DEFAULT 0
) ENGINE=InnoDB DEFAULT CHARSET=utf8mb4 COLLATE=utf8mb4_unicode_ci;

--
-- Dumping data for table `order_item_files`
--

INSERT INTO `order_item_files` (`file_id`, `item_id`, `file_name`, `uploaded_at`, `is_payment_proof`) VALUES
(119, 66, '684e79dd592ec_مذكرة ٢ ثانوي الترم الاول _Page13.png', '2025-06-15 07:52:05', 0),
(120, 67, '684e7c0adab68_مذكرة ٢ ثانوي الترم الاول _Page23.png', '2025-06-15 07:54:05', 0),
(121, 68, '684e7c455e159_مذكرة ٢ ثانوي الترم الاول _Page17.png', '2025-06-15 07:55:12', 0),
(122, 69, '684e7ebfe4215_مذكرة ٢ ثانوي الترم الاول _Page17.png', '2025-06-15 08:05:23', 0),
(123, 70, '684e7ea5bdb6d_مذكرة ٢ ثانوي الترم الاول _Page15.png', '2025-06-15 08:05:23', 0),
(124, 71, '684e7eb2699aa_مذكرة ٢ ثانوي الترم الاول _Page26.png', '2025-06-15 08:05:23', 0),
(125, 72, '684e7ed42e679_مذكرة ٢ ثانوي الترم الاول _Page15.png', '2025-06-15 08:35:55', 0),
(126, 73, '684e7ee787f77_مذكرة ٢ ثانوي الترم الاول _Page13.png', '2025-06-15 08:35:55', 0),
(127, 74, '684e7ef422e5d_مذكرة ٢ ثانوي الترم الاول _Page9.png', '2025-06-15 08:35:55', 0),
(128, 75, '684e860ac06f0_مذكرة ٢ ثانوي الترم الاول _Page17.png', '2025-06-15 08:43:52', 0),
(129, 76, '684e87e73b86c_مذكرة ٢ ثانوي الترم الاول _Page15.png', '2025-06-15 09:00:17', 0),
(144, 91, '684feb0f45230_21.jpg', '2025-06-16 09:59:54', 0),
(145, 92, '684fea5dc3228_21.jpg', '2025-06-16 09:59:54', 0),
(146, 93, '684fea74b4838_منيو الطناوي ظهرpsd copy.jpg', '2025-06-16 09:59:54', 0),
(147, 94, '684fea7dd1a04_منيو الطناوي ظهرpsd copy.jpg', '2025-06-16 09:59:54', 0),
(148, 95, '684fea96a8513_منيو الطناوي ظهرpsd copy.jpg', '2025-06-16 09:59:54', 0),
(149, 96, '684feaf9bb74c_منيو الطناوي ظهرpsd copy.jpg', '2025-06-16 09:59:54', 0),
(150, 97, '684febf06db07_ACTUALIZACION-FIRMWARE-SKYCUT.pdf', '2025-06-16 10:03:34', 0),
(151, 98, '684fec2381c74_21.jpg', '2025-06-16 10:05:01', 0),
(152, 99, '684fec7e27ac8_21.jpg', '2025-06-16 10:05:57', 0),
(153, 100, '684fedd0b4d01_21.jpg', '2025-06-16 10:11:36', 0),
(154, 101, '684feeb95c186_12 copy.jpg', '2025-06-16 10:15:34', 0),
(155, 102, '684fef49c29f1_مذكرة ٢ ثانوي الترم الاول _Page58.png', '2025-06-16 10:17:58', 0),
(156, 103, '685000f531eb3_مذكرة ٢ ثانوي الترم الاول _Page9.png', '2025-06-16 11:45:26', 0),
(157, 106, '6850065e8fb76_ختم الزهار.psd', '2025-06-16 11:56:27', 0),
(158, 107, '6850089fc0ed1_17500755304747348615483131486574.jpg', '2025-06-16 12:06:45', 0),
(159, 108, '685008a91400a_17500755304747348615483131486574.jpg', '2025-06-16 12:06:45', 0),
(160, 109, '68500fbf675c7_ختم الزهار.psd', '2025-06-16 12:36:21', 0),
(161, 110, '68501073da476_ختم الزهار.psd', '2025-06-16 12:44:08', 0),
(162, 111, '685013743d920_ختم الزهار.psd', '2025-06-16 12:52:15', 0),
(163, 112, '68518c17b27bf_ACTUALIZACION-FIRMWARE-SKYCUT.pdf', '2025-06-17 15:42:50', 0),
(164, 113, '68519bfa0a12e_233.pdf', '2025-06-17 17:01:06', 0),
(165, 114, '68519f0a20146_ACTUALIZACION-FIRMWARE-SKYCUT.pdf', '2025-06-17 17:01:06', 0),
(166, 115, '68519bd09915f_233.pdf', '2025-06-17 17:01:06', 0),
(167, 116, '685281cd92718_275713099_339323098235476_8975370795578897044_n.jpg', '2025-06-18 09:14:58', 0),
(168, 117, '6852852fdc3ce_images.jpeg', '2025-06-18 09:36:06', 0),
(169, 118, '6852878808db9_omar.pdf', '2025-06-18 09:36:06', 0),
(170, 121, '6852892d4e8e2_omar.pdf', '2025-06-18 11:23:44', 0),
(171, 122, '6852a1d732b24_images.jpeg', '2025-06-18 11:24:26', 0),
(172, 130, '6852a551a4210_275713099_339323098235476_8975370795578897044_n.jpg', '2025-06-18 12:02:15', 0),
(173, 131, '6852a551a4210_275713099_339323098235476_8975370795578897044_n.jpg', '2025-06-18 12:02:30', 0),
(174, 132, '6852a551a4210_275713099_339323098235476_8975370795578897044_n.jpg', '2025-06-18 12:09:27', 0),
(175, 133, '6852acaa2e3d8_omar.pdf', '2025-06-18 12:10:35', 0),
(176, 134, '6852ad4b97f93_غبور.psd', '2025-06-18 12:13:36', 0),
(177, 135, '6852b288245aa_275713099_339323098235476_8975370795578897044_n.jpg', '2025-06-18 12:51:25', 0),
(178, 136, '6852b68128cbb_السيد الأستاذ الدكتور.pdf', '2025-06-18 13:13:35', 0),
(179, 137, '6852bb9685b24_السيد الأستاذ الدكتور.pdf', '2025-06-18 13:14:21', 0),
(180, 138, '6852bbea6b12d_275713099_339323098235476_8975370795578897044_n.jpg', '2025-06-18 13:21:45', 0),
(181, 139, '6852be7233c2e_Layer 2 copy.jpg', '2025-06-18 13:30:06', 0),
(182, 140, '6852c283af00a_سيش.jpg,6852c283afc51_صورة واتساب بتاريخ 2025-06-04 في 12.43.22_1419f86d copy.jpg,6852c283b07e3_ؤ.jpg,6852c283b20da_ي.jpg,6852c283b2bcf_يسش.jpg', '2025-06-18 13:44:58', 0),
(183, 141, '6852c33398a6d_ؤ.jpg', '2025-06-18 14:03:20', 0),
(184, 142, '6852a35ae181e_ضهر كرت.pdf', '2025-06-18 14:10:57', 0),
(185, 143, '6852b513174ce_11.pdf', '2025-06-18 14:10:57', 0),
(186, 144, '6852c86b47bdf_11.pdf', '2025-06-18 14:10:57', 0),
(187, 145, '6852e9dbd503e_صورة واتساب بتاريخ 2025-06-04 في 12.43.22_1419f86d copy.jpg', '2025-06-18 16:31:49', 0),
(188, 146, '6852f6b73acda_11.pdf', '2025-06-18 17:31:45', 0),
(189, 147, '6853129b0c9a6_275713099_339323098235476_8975370795578897044_n.jpg', '2025-06-18 19:25:27', 0),
(190, 148, '6853f72de11ea_ختم الزهار.psd', '2025-06-19 11:41:45', 0),
(191, 149, '6853f7d88d0dc_ختم الزهار.psd', '2025-06-19 13:10:51', 0),
(192, 150, '685406abec4c6_275713099_339323098235476_8975370795578897044_n.jpg', '2025-06-19 13:10:51', 0),
(193, 151, '68540cf8a26c1_موترو.psd', '2025-06-19 13:13:35', 0),
(194, 152, '68540f2827ad9_اطياب الريف.psd', '2025-06-19 13:23:03', 0),
(195, 153, '68540fe805fd8_275713099_339323098235476_8975370795578897044_n.jpg', '2025-06-19 13:26:16', 0),
(196, 154, '6854102866ad2_ختم الزهار.psd', '2025-06-19 13:27:13', 0),
(197, 155, '6854112b0586e_omar.pdf', '2025-06-19 13:31:30', 0),
(198, 156, '685411724441a_موترو.psd', '2025-06-19 13:33:19', 0),
(199, 157, '685411c93016e_السيد الأستاذ الدكتور.pdf', '2025-06-19 13:34:09', 0),
(200, 158, '68541377300be_اطياب الريف.psd', '2025-06-19 13:41:28', 0),
(201, 159, '6854148ba0f10_حمدان ربيع رئيس.psd', '2025-06-19 13:45:52', 0),
(202, 160, '685423f1e7c9e_ختم الزهار.psd', '2025-06-19 14:54:58', 0),
(203, 161, '685424f8cf962_275713099_339323098235476_8975370795578897044_n.jpg', '2025-06-19 14:56:12', 0),
(204, 162, '6854290995490_صورة واتساب بتاريخ 2024-08-20 في 15.32.16_4d82b79c.jpg', '2025-06-19 15:13:23', 0),
(205, 163, '68542932dc3fb_omar.pdf', '2025-06-19 15:14:00', 0),
(206, 164, '68567e88daba4_263cfa0119d46b730a8f0e06266997cd.png', '2025-06-21 09:56:17', 0);

-- --------------------------------------------------------

--
-- Table structure for table `paper_types`
--

CREATE TABLE `paper_types` (
  `id` int(11) NOT NULL,
  `name` varchar(100) NOT NULL,
  `status` enum('active','inactive') DEFAULT 'active'
) ENGINE=InnoDB DEFAULT CHARSET=utf8mb4 COLLATE=utf8mb4_unicode_ci;

-- --------------------------------------------------------

--
-- Table structure for table `points_packages`
--

CREATE TABLE `points_packages` (
  `package_id` int(11) NOT NULL,
  `points_amount` int(11) NOT NULL,
  `price` decimal(10,2) NOT NULL,
  `bonus_points` int(11) NOT NULL DEFAULT 0,
  `is_active` tinyint(1) NOT NULL DEFAULT 1,
  `created_at` timestamp NOT NULL DEFAULT current_timestamp(),
  `updated_at` timestamp NOT NULL DEFAULT current_timestamp() ON UPDATE current_timestamp()
) ENGINE=InnoDB DEFAULT CHARSET=utf8mb4 COLLATE=utf8mb4_unicode_ci;

--
-- Dumping data for table `points_packages`
--

INSERT INTO `points_packages` (`package_id`, `points_amount`, `price`, `bonus_points`, `is_active`, `created_at`, `updated_at`) VALUES
(1, 100, 10.00, 0, 1, '2025-06-18 11:16:43', '2025-06-18 11:16:43'),
(2, 500, 45.00, 50, 1, '2025-06-18 11:16:43', '2025-06-18 11:16:43'),
(3, 1000, 85.00, 150, 1, '2025-06-18 11:16:43', '2025-06-18 11:16:43'),
(4, 2000, 160.00, 400, 1, '2025-06-18 11:16:43', '2025-06-18 11:16:43'),
(5, 100, 10.00, 0, 1, '2025-06-18 11:18:28', '2025-06-18 11:18:28'),
(6, 500, 45.00, 50, 1, '2025-06-18 11:18:28', '2025-06-18 11:18:28'),
(7, 1000, 85.00, 150, 1, '2025-06-18 11:18:28', '2025-06-18 11:18:28'),
(8, 2000, 160.00, 400, 1, '2025-06-18 11:18:28', '2025-06-18 11:18:28');

-- --------------------------------------------------------

--
-- Table structure for table `points_purchases`
--

CREATE TABLE `points_purchases` (
  `purchase_id` int(11) NOT NULL,
  `user_id` int(11) NOT NULL,
  `points_amount` int(11) NOT NULL,
  `payment_amount` decimal(10,2) NOT NULL,
  `payment_method` varchar(50) DEFAULT NULL,
  `payment_status` enum('pending','paid','failed','cancelled') DEFAULT 'pending',
  `payment_proof` varchar(255) DEFAULT NULL,
  `admin_notes` text DEFAULT NULL,
  `created_at` timestamp NOT NULL DEFAULT current_timestamp(),
  `updated_at` timestamp NOT NULL DEFAULT current_timestamp() ON UPDATE current_timestamp()
) ENGINE=InnoDB DEFAULT CHARSET=utf8mb4 COLLATE=utf8mb4_unicode_ci;

-- --------------------------------------------------------

--
-- Table structure for table `points_redemptions`
--

CREATE TABLE `points_redemptions` (
  `redemption_id` int(11) NOT NULL,
  `user_id` int(11) NOT NULL,
  `points_amount` int(11) NOT NULL,
  `redemption_value` decimal(10,2) NOT NULL,
  `redemption_type` enum('discount','cash') DEFAULT 'discount',
  `status` enum('pending','approved','rejected') DEFAULT 'pending',
  `admin_notes` text DEFAULT NULL,
  `created_at` timestamp NOT NULL DEFAULT current_timestamp(),
  `updated_at` timestamp NOT NULL DEFAULT current_timestamp() ON UPDATE current_timestamp()
) ENGINE=InnoDB DEFAULT CHARSET=utf8mb4 COLLATE=utf8mb4_unicode_ci;

--
-- Dumping data for table `points_redemptions`
--

INSERT INTO `points_redemptions` (`redemption_id`, `user_id`, `points_amount`, `redemption_value`, `redemption_type`, `status`, `admin_notes`, `created_at`, `updated_at`) VALUES
(1, 6, 1000000000, 99999999.99, 'discount', 'pending', NULL, '2025-06-18 12:34:56', '2025-06-18 12:34:56');

-- --------------------------------------------------------

--
-- Table structure for table `points_settings`
--

CREATE TABLE `points_settings` (
  `setting_id` int(11) NOT NULL,
  `setting_key` varchar(100) NOT NULL,
  `setting_value` text NOT NULL,
  `description` text DEFAULT NULL,
  `updated_at` timestamp NOT NULL DEFAULT current_timestamp() ON UPDATE current_timestamp()
) ENGINE=InnoDB DEFAULT CHARSET=utf8mb4 COLLATE=utf8mb4_unicode_ci;

--
-- Dumping data for table `points_settings`
--

INSERT INTO `points_settings` (`setting_id`, `setting_key`, `setting_value`, `description`, `updated_at`) VALUES
(1, 'points_per_100_egp', '5', 'عدد النقاط المكتسبة لكل 100 جنيه', '2025-06-18 09:02:25'),
(2, 'points_purchase_rate', '1000', 'عدد النقاط مقابل 50 جنيه عند الشراء', '2025-06-18 09:02:25'),
(3, 'points_purchase_price', '50', 'سعر شراء 1000 نقطة بالجنيه', '2025-06-18 09:02:25'),
(4, 'points_expiry_days', '365', 'عدد أيام صلاحية النقاط', '2025-06-18 09:02:25'),
(5, 'min_points_redemption', '100', 'الحد الأدنى لاستبدال النقاط', '2025-06-18 09:02:25'),
(6, 'points_redemption_rate', '10', 'قيمة النقاط عند الاستبدال (جنيه لكل 100 نقطة)', '2025-06-18 09:02:25'),
(7, 'enable_points_system', '1', 'تفعيل نظام النقاط (1 = مفعل، 0 = معطل)', '2025-06-18 09:02:25'),
(8, 'max_discount_percentage', '10', NULL, '2025-06-18 11:16:43'),
(9, 'points_system_enabled', '1', NULL, '2025-06-18 11:16:43');

-- --------------------------------------------------------

--
-- Table structure for table `points_transactions`
--

CREATE TABLE `points_transactions` (
  `transaction_id` int(11) NOT NULL,
  `user_id` int(11) NOT NULL,
  `order_id` int(11) DEFAULT NULL,
  `transaction_type` enum('earn','spend','purchase','expire','admin_adjust') NOT NULL,
  `points_amount` int(11) NOT NULL,
  `description` text DEFAULT NULL,
  `reference` varchar(255) DEFAULT NULL,
  `created_at` timestamp NOT NULL DEFAULT current_timestamp(),
  `status` enum('pending','approved','rejected') DEFAULT 'pending',
  `admin_notes` text DEFAULT NULL
) ENGINE=InnoDB DEFAULT CHARSET=utf8mb4 COLLATE=utf8mb4_unicode_ci;

--
-- Dumping data for table `points_transactions`
--

INSERT INTO `points_transactions` (`transaction_id`, `user_id`, `order_id`, `transaction_type`, `points_amount`, `description`, `reference`, `created_at`, `status`, `admin_notes`) VALUES
(1, 6, 147, 'earn', 500, 'نقاط غير مؤكدة من الطلب #ORD-20250618-0315', NULL, '2025-06-18 11:23:44', 'approved', 'تمت الموافقة على النقاط'),
(2, 6, 148, 'earn', 500, 'نقاط غير مؤكدة من الطلب #ORD-20250618-9412', NULL, '2025-06-18 11:24:26', 'approved', 'تمت الموافقة على النقاط'),
(3, 6, 158, 'earn', 2500000, 'نقاط غير مؤكدة من الطلب #ORD-20250618-5591', NULL, '2025-06-18 12:09:27', 'rejected', 'تم رفض النقاط'),
(4, 6, 159, 'earn', 5, 'نقاط غير مؤكدة من الطلب #ORD-20250618-9375', NULL, '2025-06-18 12:10:35', 'approved', 'تمت الموافقة على النقاط'),
(5, 6, 160, 'earn', 10, 'نقاط غير مؤكدة من الطلب #ORD-20250618-6326', NULL, '2025-06-18 12:13:36', 'approved', 'تمت الموافقة على النقاط'),
(6, 6, NULL, '', 100, 'إضافة نقاط من قبل المسؤول', NULL, '2025-06-18 12:33:23', 'approved', NULL),
(7, 6, NULL, '', 2147483647, 'إضافة نقاط من قبل المسؤول', NULL, '2025-06-18 12:33:31', 'approved', NULL),
(8, 6, NULL, '', 10, 'منتالب', NULL, '2025-06-18 12:33:43', 'approved', NULL),
(9, 6, NULL, '', 1000000000, 'استبدال نقاط', NULL, '2025-06-18 12:34:56', 'approved', NULL),
(10, 21, 161, 'earn', 27500, 'نقاط غير مؤكدة من الطلب #ORD-20250618-1666', NULL, '2025-06-18 12:51:25', 'approved', 'تمت الموافقة على النقاط'),
(12, 21, 163, 'earn', 25, 'نقاط غير مؤكدة من الطلب #ORD-20250618-4891', NULL, '2025-06-18 13:13:35', 'pending', NULL),
(13, 21, 164, 'earn', 200, 'نقاط غير مؤكدة من الطلب #ORD-20250618-4207', NULL, '2025-06-18 13:14:21', 'pending', NULL),
(14, 21, 165, 'earn', 2585, 'نقاط غير مؤكدة من الطلب #ORD-20250618-2761', NULL, '2025-06-18 13:21:45', 'approved', 'تمت الموافقة على النقاط'),
(15, 21, 165, 'spend', 27500, 'استخدام نقاط في الطلب #ORD-20250618-2761', NULL, '2025-06-18 13:21:45', 'approved', NULL),
(16, 21, NULL, '', 10000, 'إضافة نقاط من قبل المسؤول', NULL, '2025-06-18 13:29:26', 'approved', NULL),
(17, 21, 166, 'spend', 110, 'استخدام نقاط في الطلب #ORD-20250618-2034', NULL, '2025-06-18 13:30:06', 'approved', NULL),
(18, 21, 167, 'earn', 5, 'نقاط غير مؤكدة من الطلب #ORD-20250618-9106', NULL, '2025-06-18 13:44:58', 'approved', 'تمت الموافقة على النقاط'),
(19, 18, 169, 'earn', 2570000, 'نقاط غير مؤكدة من الطلب #ORD-20250618-9853', NULL, '2025-06-18 14:10:57', 'pending', NULL),
(20, 21, 170, 'earn', 2499995, 'نقاط غير مؤكدة من الطلب #ORD-20250618-6555', NULL, '2025-06-18 16:31:49', 'pending', NULL),
(21, 21, 170, 'spend', 2590, 'استخدام نقاط في الطلب #ORD-20250618-6555', NULL, '2025-06-18 16:31:49', 'approved', NULL),
(22, 7, 171, 'earn', 80, 'نقاط غير مؤكدة من الطلب #ORD-20250618-8978', NULL, '2025-06-18 17:31:45', 'approved', 'تمت الموافقة على النقاط'),
(23, 21, 172, 'earn', 5, 'نقاط غير مؤكدة من الطلب #ORD-20250618-1079', NULL, '2025-06-18 19:25:27', 'pending', NULL),
(24, 21, 173, 'earn', 27500, 'نقاط غير مؤكدة من الطلب #ORD-20250619-1499', NULL, '2025-06-19 11:41:45', 'pending', NULL),
(25, 21, 174, 'earn', 250000, 'نقاط غير مؤكدة من الطلب #ORD-20250619-0558', NULL, '2025-06-19 13:10:51', 'pending', NULL),
(26, 21, 177, 'earn', 5, 'نقاط غير مؤكدة من الطلب #ORD-20250619-5080', NULL, '2025-06-19 13:26:16', 'pending', NULL),
(27, 21, NULL, 'earn', 5, 'نقاط غير مؤكدة من الطلب #ORD-20250619-6771', NULL, '2025-06-19 13:31:30', 'pending', NULL),
(28, 21, NULL, 'earn', 3440, 'نقاط غير مؤكدة من الطلب #ORD-20250619-9557', NULL, '2025-06-19 13:34:09', 'pending', NULL),
(29, 21, NULL, 'earn', 5, 'نقاط غير مؤكدة من الطلب #ORD-20250619-8045', NULL, '2025-06-19 14:54:58', 'pending', NULL),
(30, 21, NULL, 'earn', 25, 'نقاط غير مؤكدة من الطلب #ORD-20250619-2893', NULL, '2025-06-19 14:56:12', 'pending', NULL),
(31, 21, NULL, 'earn', 5, 'نقاط غير مؤكدة من الطلب #ORD-20250619-7026', NULL, '2025-06-19 15:13:23', 'pending', NULL),
(32, 21, NULL, 'earn', 25, 'نقاط غير مؤكدة من الطلب #ORD-20250619-3373', NULL, '2025-06-19 15:14:00', 'pending', NULL),
(33, 21, 188, 'earn', 27500, 'نقاط غير مؤكدة من الطلب #ORD-20250621-7193', NULL, '2025-06-21 09:56:17', 'approved', 'تمت الموافقة على النقاط');

-- --------------------------------------------------------

--
-- Table structure for table `portfolio`
--

CREATE TABLE `portfolio` (
  `portfolio_id` int(11) NOT NULL,
  `title` varchar(100) NOT NULL,
  `description` text DEFAULT NULL,
  `image` varchar(255) NOT NULL,
  `category_id` int(11) DEFAULT NULL,
  `service_id` int(11) DEFAULT NULL,
  `created_at` timestamp NOT NULL DEFAULT current_timestamp()
) ENGINE=InnoDB DEFAULT CHARSET=utf8mb4 COLLATE=utf8mb4_unicode_ci;

--
-- Dumping data for table `portfolio`
--

INSERT INTO `portfolio` (`portfolio_id`, `title`, `description`, `image`, `category_id`, `service_id`, `created_at`) VALUES
(1, 'youssef beh', 'i the best in the west', '6841a77469a06_printing-shop.jpg', NULL, 10, '2025-06-05 14:19:32'),
(2, 'كارت شخصي', 'كرات جامد جداً يعني', '685034da47884_WhatsApp Image 2025-06-14 at 18.27.40_7ed7b7ca.jpg', NULL, 8, '2025-06-16 15:14:34');

-- --------------------------------------------------------

--
-- Table structure for table `push_subscriptions`
--

CREATE TABLE `push_subscriptions` (
  `subscription_id` int(11) NOT NULL,
  `user_id` int(11) NOT NULL,
  `endpoint` varchar(500) NOT NULL,
  `p256dh_key` varchar(255) NOT NULL,
  `auth_key` varchar(255) NOT NULL,
  `created_at` datetime NOT NULL,
  `updated_at` datetime DEFAULT NULL
) ENGINE=InnoDB DEFAULT CHARSET=utf8mb4 COLLATE=utf8mb4_general_ci;

-- --------------------------------------------------------

--
-- Table structure for table `quantities`
--

CREATE TABLE `quantities` (
  `id` int(11) NOT NULL,
  `amount` int(11) NOT NULL,
  `status` enum('active','inactive') DEFAULT 'active'
) ENGINE=InnoDB DEFAULT CHARSET=utf8mb4 COLLATE=utf8mb4_unicode_ci;

-- --------------------------------------------------------

--
-- Table structure for table `reviews`
--

CREATE TABLE `reviews` (
  `review_id` int(11) NOT NULL,
  `user_id` int(11) DEFAULT NULL,
  `order_id` int(11) DEFAULT NULL,
  `rating` int(11) NOT NULL CHECK (`rating` between 1 and 5),
  `comment` text DEFAULT NULL,
  `status` enum('pending','approved','rejected') DEFAULT 'pending',
  `created_at` timestamp NOT NULL DEFAULT current_timestamp()
) ENGINE=InnoDB DEFAULT CHARSET=utf8mb4 COLLATE=utf8mb4_unicode_ci;

-- --------------------------------------------------------

--
-- Table structure for table `services`
--

CREATE TABLE `services` (
  `service_id` int(11) NOT NULL,
  `name` varchar(100) NOT NULL,
  `description` text DEFAULT NULL,
  `icon` varchar(255) DEFAULT NULL,
  `image` varchar(255) DEFAULT NULL,
  `price_start` decimal(10,2) DEFAULT NULL,
  `price_end` decimal(10,2) DEFAULT NULL,
  `is_featured` tinyint(1) DEFAULT 0,
  `category_id` int(11) DEFAULT NULL,
  `status` enum('active','inactive') DEFAULT 'active',
  `created_at` timestamp NOT NULL DEFAULT current_timestamp(),
  `updated_at` timestamp NOT NULL DEFAULT current_timestamp() ON UPDATE current_timestamp(),
  `require_paper_type` tinyint(1) DEFAULT 0,
  `require_size` tinyint(1) DEFAULT 0,
  `require_colors` tinyint(1) DEFAULT 0,
  `require_design_file` tinyint(1) DEFAULT 0,
  `require_notes` tinyint(1) DEFAULT 0
) ENGINE=InnoDB DEFAULT CHARSET=utf8mb4 COLLATE=utf8mb4_unicode_ci;

--
-- Dumping data for table `services`
--

INSERT INTO `services` (`service_id`, `name`, `description`, `icon`, `image`, `price_start`, `price_end`, `is_featured`, `category_id`, `status`, `created_at`, `updated_at`, `require_paper_type`, `require_size`, `require_colors`, `require_design_file`, `require_notes`) VALUES
(8, 'كروت شخصية', 'تصميم وطباعة كروت شخصية بأعلى جودة وبمختلف الخامات والمقاسات', NULL, '6841668b577cb_business-cards.jpg', 100.00, NULL, 0, NULL, 'active', '2025-06-05 09:42:35', '2025-06-16 11:06:29', 0, 0, 0, 1, 1),
(9, 'بروشور A5 (مطوية)', 'تصميم وطباعة بروشورات دعائية بمختلف المقاسات والخامات', NULL, '6841677cb4313_brochures.jpg', 400.00, NULL, 0, 8, 'active', '2025-06-05 09:46:36', '2025-06-18 19:34:20', 1, 0, 0, 1, 1),
(10, 'رول أب مستطيل', 'تصميم وطباعة رول أب بأحجام مختلفة وبأعلى جودة', NULL, '684168174e6fa_rollup.jpg', 1000.00, NULL, 0, 8, 'active', '2025-06-05 09:49:11', '2025-06-21 15:08:08', 0, 0, 0, 1, 1),
(11, 'test', '&lt;p&gt;test&lt;/p&gt;', NULL, '68416fd815d3b_custom-printing.jpg', 2.00, NULL, 0, 8, 'active', '2025-06-05 10:22:16', '2025-06-16 11:19:32', 1, 0, 0, 1, 0),
(12, 'youssef beh', '<p><b><u><font color=\"#000000\" style=\"background-color: rgb(255, 255, 0);\">تست</font></u></b></p>', NULL, 'service_684188f66b1b8_logo.png', 11.00, NULL, 1, NULL, 'active', '2025-06-05 12:09:26', '2025-06-16 11:14:09', 0, 0, 0, 0, 0),
(13, '~ؤ', '<p>ْ~}ئؤء</p>', NULL, 'service_6852fbd9821c8_275713099_339323098235476_8975370795578897044_n.jpg', 100.00, NULL, 0, 8, 'active', '2025-06-18 17:48:09', '2025-06-22 11:37:04', 0, 0, 1, 0, 1),
(20, '324', '<p>234</p>', NULL, 'service_685682978c2f0_68567e88daba4_263cfa0119d46b730a8f0e06266997cd.png', 234.00, NULL, 0, 8, 'active', '2025-06-19 12:33:43', '2025-06-21 09:59:51', 0, 0, 0, 0, 0);

-- --------------------------------------------------------

--
-- Table structure for table `service_fields`
--

CREATE TABLE `service_fields` (
  `service_field_id` int(11) NOT NULL,
  `service_id` int(11) NOT NULL,
  `field_id` int(11) NOT NULL,
  `is_required` tinyint(1) DEFAULT 0,
  `order_num` int(11) DEFAULT 0,
  `status` enum('active','inactive') DEFAULT 'active'
) ENGINE=InnoDB DEFAULT CHARSET=utf8mb4 COLLATE=utf8mb4_unicode_ci;

--
-- Dumping data for table `service_fields`
--

INSERT INTO `service_fields` (`service_field_id`, `service_id`, `field_id`, `is_required`, `order_num`, `status`) VALUES
(116, 13, 13, 1, 1, 'active'),
(117, 13, 18, 1, 2, 'active'),
(118, 13, 19, 1, 3, 'active'),
(119, 20, 13, 1, 1, 'active'),
(120, 20, 18, 1, 2, 'active'),
(121, 20, 19, 1, 3, 'active');

-- --------------------------------------------------------

--
-- Table structure for table `service_images`
--

CREATE TABLE `service_images` (
  `image_id` int(11) NOT NULL,
  `service_id` int(11) NOT NULL,
  `image_path` varchar(255) NOT NULL,
  `alt_text` varchar(255) DEFAULT NULL,
  `order_num` int(11) DEFAULT 0,
  `created_at` timestamp NOT NULL DEFAULT current_timestamp()
) ENGINE=InnoDB DEFAULT CHARSET=utf8mb4 COLLATE=utf8mb4_unicode_ci;

-- --------------------------------------------------------

--
-- Table structure for table `settings`
--

CREATE TABLE `settings` (
  `setting_id` int(11) NOT NULL,
  `setting_key` varchar(50) NOT NULL,
  `setting_value` text DEFAULT NULL,
  `setting_group` varchar(50) DEFAULT NULL,
  `is_public` tinyint(1) DEFAULT 1
) ENGINE=InnoDB DEFAULT CHARSET=utf8mb4 COLLATE=utf8mb4_unicode_ci;

--
-- Dumping data for table `settings`
--

INSERT INTO `settings` (`setting_id`, `setting_key`, `setting_value`, `setting_group`, `is_public`) VALUES
(1, 'site_name', 'برنتلي', 'general', 1),
(2, 'site_description', 'بأفكارك', 'general', 1),
(3, 'site_email', 'printlyone@gmail.com', 'contact', 1),
(4, 'site_phone', '201002889688+', 'contact', 1),
(5, 'site_address', 'دمياط : شارع وزير - بجوار مسجد تقي الدين', 'contact', 1),
(6, 'site_logo', 'logo.png', 'general', 1),
(7, 'site_favicon', '684ac4a5a4ad8.jpg', 'general', 1),
(8, 'social_facebook', 'https://www.facebook.com/profile.php?id=61555399046174', 'social', 1),
(9, 'social_twitter', 'https://twitter.com/printly', 'social', 1),
(10, 'social_instagram', 'https://www.instagram.com/printly911', 'social', 1),
(11, 'social_whatsapp', '201002889688', 'social', 1),
(12, 'map_latitude', '234.7136', 'map', 1),
(13, 'map_longitude', '46.6753', 'map', 1),
(14, 'map_zoom', '15', 'map', 1);

-- --------------------------------------------------------

--
-- Table structure for table `sizes`
--

CREATE TABLE `sizes` (
  `id` int(11) NOT NULL,
  `name` varchar(100) NOT NULL,
  `status` enum('active','inactive') DEFAULT 'active'
) ENGINE=InnoDB DEFAULT CHARSET=utf8mb4 COLLATE=utf8mb4_unicode_ci;

-- --------------------------------------------------------

--
-- Table structure for table `sliders`
--

CREATE TABLE `sliders` (
  `slider_id` int(11) NOT NULL,
  `title` varchar(255) DEFAULT NULL,
  `subtitle` text DEFAULT NULL,
  `image` varchar(255) NOT NULL,
  `button_text` varchar(50) DEFAULT NULL,
  `button_link` varchar(255) DEFAULT NULL,
  `order_num` int(11) DEFAULT 0,
  `status` enum('active','inactive') DEFAULT 'active'
) ENGINE=InnoDB DEFAULT CHARSET=utf8mb4 COLLATE=utf8mb4_unicode_ci;

-- --------------------------------------------------------

--
-- Table structure for table `subscribers`
--

CREATE TABLE `subscribers` (
  `subscriber_id` int(11) NOT NULL,
  `email` varchar(100) NOT NULL,
  `name` varchar(100) DEFAULT NULL,
  `status` enum('active','inactive') DEFAULT 'active',
  `subscription_date` timestamp NOT NULL DEFAULT current_timestamp()
) ENGINE=InnoDB DEFAULT CHARSET=utf8mb4 COLLATE=utf8mb4_unicode_ci;

--
-- Dumping data for table `subscribers`
--

INSERT INTO `subscribers` (`subscriber_id`, `email`, `name`, `status`, `subscription_date`) VALUES
(1, 'yjmt46999@gmail.com', NULL, 'active', '2025-06-05 13:06:29'),
(2, 'admin@printly.com', NULL, 'active', '2025-06-05 16:11:01'),
(3, 'yjmt46999@gimal.com', NULL, 'active', '2025-06-10 14:52:29');

-- --------------------------------------------------------

--
-- Table structure for table `team`
--

CREATE TABLE `team` (
  `team_id` int(11) NOT NULL,
  `name` varchar(100) NOT NULL,
  `position` varchar(100) DEFAULT NULL,
  `bio` text DEFAULT NULL,
  `image` varchar(255) DEFAULT NULL,
  `email` varchar(100) DEFAULT NULL,
  `phone` varchar(20) DEFAULT NULL,
  `social_facebook` varchar(255) DEFAULT NULL,
  `social_twitter` varchar(255) DEFAULT NULL,
  `social_instagram` varchar(255) DEFAULT NULL,
  `order_num` int(11) DEFAULT 0,
  `status` enum('active','inactive') DEFAULT 'active'
) ENGINE=InnoDB DEFAULT CHARSET=utf8mb4 COLLATE=utf8mb4_unicode_ci;

-- --------------------------------------------------------

--
-- Table structure for table `templates`
--

CREATE TABLE `templates` (
  `template_id` int(11) NOT NULL,
  `name` varchar(100) NOT NULL,
  `description` text DEFAULT NULL,
  `image` varchar(255) NOT NULL,
  `file` varchar(255) NOT NULL,
  `service_id` int(11) DEFAULT NULL,
  `category` varchar(50) DEFAULT NULL,
  `downloads` int(11) DEFAULT 0,
  `status` enum('active','inactive') DEFAULT 'active',
  `created_at` timestamp NOT NULL DEFAULT current_timestamp()
) ENGINE=InnoDB DEFAULT CHARSET=utf8mb4 COLLATE=utf8mb4_unicode_ci;

-- --------------------------------------------------------

--
-- Table structure for table `users`
--

CREATE TABLE `users` (
  `user_id` int(11) NOT NULL,
  `username` varchar(50) NOT NULL,
  `email` varchar(100) NOT NULL,
  `password` varchar(255) NOT NULL,
  `phone` varchar(20) DEFAULT NULL,
  `activation_code` varchar(255) DEFAULT NULL,
  `address` text DEFAULT NULL,
  `city` varchar(50) DEFAULT NULL,
  `country` varchar(50) DEFAULT NULL,
  `registration_date` timestamp NOT NULL DEFAULT current_timestamp(),
  `last_login` timestamp NULL DEFAULT NULL,
  `role` enum('customer','admin') DEFAULT 'customer',
  `status` enum('active','inactive','banned') DEFAULT 'active',
  `reset_token` varchar(255) DEFAULT NULL,
  `reset_token_expiry` timestamp NULL DEFAULT NULL,
  `reset_code` varchar(255) DEFAULT NULL,
  `reset_expires` datetime DEFAULT NULL,
  `points_balance` int(11) DEFAULT 0 COMMENT 'رصيد النقاط الحالي',
  `total_points_earned` int(11) DEFAULT 0 COMMENT 'إجمالي النقاط المكتسبة',
  `total_points_spent` int(11) DEFAULT 0 COMMENT 'إجمالي النقاط المستهلكة',
  `unverified_points_balance` int(11) DEFAULT 0
) ENGINE=InnoDB DEFAULT CHARSET=utf8mb4 COLLATE=utf8mb4_general_ci;

--
-- Dumping data for table `users`
--

INSERT INTO `users` (`user_id`, `username`, `email`, `password`, `phone`, `activation_code`, `address`, `city`, `country`, `registration_date`, `last_login`, `role`, `status`, `reset_token`, `reset_token_expiry`, `reset_code`, `reset_expires`, `points_balance`, `total_points_earned`, `total_points_spent`, `unverified_points_balance`) VALUES
(4, 'admin', 'admin@printly.com', '$2y$10$8MNjEjxBXgbNJ8FX1yQl6.HaY1hN.MjQKo.Yx3RwQJnvOqHszYHhm', NULL, NULL, NULL, NULL, NULL, '2025-06-04 20:36:55', NULL, 'customer', 'active', NULL, NULL, NULL, NULL, 0, 0, 0, 0),
(5, 'yjmt46999@gimal.com', 'yjmt46999@gimal.com', '$2y$10$kBqcFmUB0rd245Hbh2mi/u4eHfO1Y6a128fYO8Fz7/1RMFRTsi4wW', '010244856933', '641822ba3ab803c6286abfe4714fca40', NULL, NULL, NULL, '2025-06-04 20:40:09', '2025-06-14 16:52:25', 'admin', 'inactive', NULL, NULL, NULL, NULL, 0, 0, 0, 0),
(6, '', '', '$2y$10$k0SRCYXeeLSXXwMR9bJFUORErmvkGabThAB.Bf6isq04.SNUUN0Nq', '', '52ae228500b628e89a57a7a30690b6b7', '', '', '', '2025-06-04 22:18:49', '2025-06-18 11:25:07', 'customer', 'active', NULL, NULL, NULL, NULL, 1147483647, 2147483647, 1000000000, 0),
(7, 'zeyad', 'info@printly.com', '$2y$10$vuP6Pqac8bt0CvIykAbOzOeFGwF94qhoG1j5PVhrAFFf06UEhKsvq', '01002889688', 'fa8f6d5e3667a8e14660ed7fa8d3e0f7', '', 'دمياط', 'مصر', '2025-06-11 11:53:22', '2025-06-18 19:33:42', 'admin', 'active', NULL, NULL, 'ef44627fc70aac16fb9ca6f05a27a45a', '2025-06-18 23:17:24', 80, 0, 0, 0),
(8, 'yjmt4699999@gmail.com', 'yjmt4699999@gmail.com', '$2y$10$S4DtD/YA6VelhT6WfrI10ODKxHy1iH0C.4hQfDB/uKKaRtUkM6iMe', '01024485693', '91cc57621d10e8d600b4bc1be2978b6b', NULL, NULL, NULL, '2025-06-14 14:19:41', '2025-06-14 14:49:58', 'customer', 'inactive', NULL, NULL, NULL, NULL, 0, 0, 0, 0),
(9, 'yjmt46999999@gimal.com', 'yjmt46999999@gimal.com', '$2y$10$lnyreFnPob/voqIOATB6bOa0ME2jYD8yQAm3dtqcZvkAoziqoWjwO', '01024485693', '8f3cbb91378090f670287a2f7bff6e68', NULL, NULL, NULL, '2025-06-14 14:47:14', '2025-06-14 14:47:29', 'customer', 'active', NULL, NULL, 'b786d9bfe6f05a2af23473e16f20137a', '2025-06-14 18:54:21', 0, 0, 0, 0),
(15, 'yjmt46991259@gmail.com', 'yjmt469912259@gmail.com', '$2y$10$91OFmzKXlSoWNAeWX/p1I.pvl3ELAYft/55cYJgLJA2/5ax1bLQM6', 'yjmt46991259@gmail.c', '1c4cfa644df786a5f147aeda32f60438', NULL, NULL, NULL, '2025-06-14 15:13:39', NULL, 'customer', 'inactive', NULL, NULL, NULL, NULL, 0, 0, 0, 0),
(17, 'yjmt46991259@gmail.com', 'yjmt46991259@gmail.com', '$2y$10$RkJSXadU.u8O4kOJAch42uN/lhApVsiqTErvtnPQhOaClfDwk32v2', '01024485693', NULL, NULL, NULL, NULL, '2025-06-14 15:18:44', '2025-06-14 15:18:57', 'customer', 'active', NULL, NULL, NULL, NULL, 0, 0, 0, 0),
(18, 'ZEYAD1', 'RAHMALIBRARY@GMAIL.COM', '$2y$10$kwy5MrfUtnobgwczgbQC9.QxtKU4BELWfpxni3tRU3QrMXGDqdi1G', '01002889688', NULL, NULL, NULL, NULL, '2025-06-14 16:05:13', '2025-06-18 14:07:31', 'customer', 'active', NULL, NULL, NULL, NULL, 0, 0, 0, 2570000),
(19, 'yjjjfgb54@gmail.com', 'yjjjfgb54@gmail.com', '$2y$10$biAlqCy/RiBWUuByMj6hj.dE69aL2GSNza37w5LFfQ1a7HQ2siZ9u', '01024485693', NULL, NULL, NULL, NULL, '2025-06-16 11:35:08', NULL, 'customer', 'active', NULL, NULL, NULL, NULL, 0, 0, 0, 0),
(20, 'zeyad', 'zeyadkamels20ultra@gmail.com', '$2y$10$cGKduH4IVudcxy6l0Bkfy.iS/I53FlKmxFq4CMMdqLCf1ECKHQazq', '01002889688', NULL, NULL, NULL, NULL, '2025-06-16 12:03:43', NULL, 'customer', 'active', NULL, NULL, NULL, NULL, 0, 0, 0, 0),
(21, 'yjmt469999@gmail.com', 'yjmt469999@gmail.com', '$2y$10$gAuYDxZZVURFqyrkdbuDWOLSCL8W3MGnR/3fxZjMwCk7ZUWko8Moa', 'yjmt469999@gmail.com', NULL, '', '', '', '2025-06-18 12:50:33', '2025-06-21 09:49:51', 'admin', 'active', NULL, NULL, NULL, NULL, 27500, 10000, 2700, 2778425);

-- --------------------------------------------------------

--
-- Table structure for table `user_tokens`
--

CREATE TABLE `user_tokens` (
  `token_id` int(11) NOT NULL,
  `user_id` int(11) NOT NULL,
  `token` varchar(255) NOT NULL,
  `expires_at` timestamp NOT NULL DEFAULT current_timestamp() ON UPDATE current_timestamp(),
  `created_at` timestamp NOT NULL DEFAULT current_timestamp()
) ENGINE=InnoDB DEFAULT CHARSET=utf8mb4 COLLATE=utf8mb4_unicode_ci;

--
-- Dumping data for table `user_tokens`
--

INSERT INTO `user_tokens` (`token_id`, `user_id`, `token`, `expires_at`, `created_at`) VALUES
(1, 6, '46348157ea33263365a863dd27f35b4c418dd5976216e75dcc1d3db9be8135b6', '2025-07-16 09:47:11', '2025-06-16 09:47:11'),
(2, 18, 'f5f5e5bbbdec82be36ccc856f678a3c4eb7d871638fc51440b61825501eeed41', '2025-07-16 18:06:22', '2025-06-16 18:06:22'),
(3, 6, 'd73e17cc3cdbe685ed22f800f64e35c90740c2bfe2288a17b1edd7c9bebef9e2', '2025-07-18 09:06:10', '2025-06-18 09:06:10'),
(4, 6, 'c46ed8859a74a8018ea87520a6051b5e8e6846c7fa51718257ca01e040d0d7da', '2025-07-18 11:09:45', '2025-06-18 11:09:45'),
(5, 18, '1af6993ff58b0713ba062f4b4c874398f11b8ab4e85335c07ee813fe87ffb8dd', '2025-07-18 14:07:31', '2025-06-18 14:07:31'),
(6, 21, '77e657eb9628b7f3e3c523970ab9ce52ee3752fbaf886574d9e56971a97c2c2e', '2025-07-18 17:27:19', '2025-06-18 17:27:19'),
(7, 7, '71aea3c381978614468400afe697b6ee503d54af9b101c8afc0bdb034f5efe05', '2025-07-18 17:29:56', '2025-06-18 17:29:56'),
(8, 21, '28f683d3804c4d1253e0efdf1ff4e10d54d48f7b6bae86ec671444cd1e29a80a', '2025-07-18 19:24:32', '2025-06-18 19:24:32'),
(9, 21, '6888ef4cd8f0ec9ace9088618c2a3b75ded3f3e362be1264525b8f58fd197877', '2025-07-19 14:54:38', '2025-06-19 14:54:38'),
(10, 21, '3cd9e2240726f439c239e3302be3ff94c0d20ff5f2eef965352b4db28a186f27', '2025-07-21 09:49:51', '2025-06-21 09:49:51');

--
-- Indexes for dumped tables
--

--
-- Indexes for table `achievements`
--
ALTER TABLE `achievements`
  ADD PRIMARY KEY (`achievement_id`);

--
-- Indexes for table `blog`
--
ALTER TABLE `blog`
  ADD PRIMARY KEY (`blog_id`),
  ADD UNIQUE KEY `slug` (`slug`),
  ADD KEY `author_id` (`author_id`);

--
-- Indexes for table `cart`
--
ALTER TABLE `cart`
  ADD PRIMARY KEY (`cart_id`),
  ADD KEY `user_id` (`user_id`),
  ADD KEY `service_id` (`service_id`);

--
-- Indexes for table `categories`
--
ALTER TABLE `categories`
  ADD PRIMARY KEY (`category_id`),
  ADD UNIQUE KEY `name` (`name`);

--
-- Indexes for table `clients`
--
ALTER TABLE `clients`
  ADD PRIMARY KEY (`client_id`);

--
-- Indexes for table `color_options`
--
ALTER TABLE `color_options`
  ADD PRIMARY KEY (`id`);

--
-- Indexes for table `coupons`
--
ALTER TABLE `coupons`
  ADD PRIMARY KEY (`coupon_id`),
  ADD UNIQUE KEY `code` (`code`);

--
-- Indexes for table `custom_fields`
--
ALTER TABLE `custom_fields`
  ADD PRIMARY KEY (`field_id`),
  ADD KEY `field_type_id` (`field_type_id`);

--
-- Indexes for table `delivery_methods`
--
ALTER TABLE `delivery_methods`
  ADD PRIMARY KEY (`delivery_id`);

--
-- Indexes for table `faq`
--
ALTER TABLE `faq`
  ADD PRIMARY KEY (`faq_id`);

--
-- Indexes for table `field_options`
--
ALTER TABLE `field_options`
  ADD PRIMARY KEY (`option_id`),
  ADD KEY `idx_field_options_field` (`field_id`);

--
-- Indexes for table `field_types`
--
ALTER TABLE `field_types`
  ADD PRIMARY KEY (`type_id`),
  ADD UNIQUE KEY `type_key` (`type_key`);

--
-- Indexes for table `messages`
--
ALTER TABLE `messages`
  ADD PRIMARY KEY (`message_id`);

--
-- Indexes for table `orders`
--
ALTER TABLE `orders`
  ADD PRIMARY KEY (`order_id`),
  ADD UNIQUE KEY `order_number` (`order_number`),
  ADD KEY `user_id` (`user_id`),
  ADD KEY `delivery_method_id` (`delivery_method_id`);

--
-- Indexes for table `order_field_values`
--
ALTER TABLE `order_field_values`
  ADD PRIMARY KEY (`value_id`),
  ADD KEY `idx_order_field_values_item` (`order_item_id`),
  ADD KEY `idx_order_field_values_field` (`field_id`);

--
-- Indexes for table `order_items`
--
ALTER TABLE `order_items`
  ADD PRIMARY KEY (`item_id`),
  ADD KEY `order_id` (`order_id`),
  ADD KEY `service_id` (`service_id`);

--
-- Indexes for table `order_item_files`
--
ALTER TABLE `order_item_files`
  ADD PRIMARY KEY (`file_id`),
  ADD KEY `item_id` (`item_id`);

--
-- Indexes for table `paper_types`
--
ALTER TABLE `paper_types`
  ADD PRIMARY KEY (`id`);

--
-- Indexes for table `points_packages`
--
ALTER TABLE `points_packages`
  ADD PRIMARY KEY (`package_id`);

--
-- Indexes for table `points_purchases`
--
ALTER TABLE `points_purchases`
  ADD PRIMARY KEY (`purchase_id`),
  ADD KEY `user_id` (`user_id`);

--
-- Indexes for table `points_redemptions`
--
ALTER TABLE `points_redemptions`
  ADD PRIMARY KEY (`redemption_id`),
  ADD KEY `user_id` (`user_id`);

--
-- Indexes for table `points_settings`
--
ALTER TABLE `points_settings`
  ADD PRIMARY KEY (`setting_id`),
  ADD UNIQUE KEY `setting_key` (`setting_key`);

--
-- Indexes for table `points_transactions`
--
ALTER TABLE `points_transactions`
  ADD PRIMARY KEY (`transaction_id`),
  ADD KEY `user_id` (`user_id`),
  ADD KEY `order_id` (`order_id`);

--
-- Indexes for table `portfolio`
--
ALTER TABLE `portfolio`
  ADD PRIMARY KEY (`portfolio_id`),
  ADD KEY `service_id` (`service_id`),
  ADD KEY `fk_portfolio_category` (`category_id`);

--
-- Indexes for table `push_subscriptions`
--
ALTER TABLE `push_subscriptions`
  ADD PRIMARY KEY (`subscription_id`),
  ADD UNIQUE KEY `unique_user_endpoint` (`user_id`,`endpoint`);

--
-- Indexes for table `quantities`
--
ALTER TABLE `quantities`
  ADD PRIMARY KEY (`id`);

--
-- Indexes for table `reviews`
--
ALTER TABLE `reviews`
  ADD PRIMARY KEY (`review_id`),
  ADD KEY `user_id` (`user_id`),
  ADD KEY `order_id` (`order_id`);

--
-- Indexes for table `services`
--
ALTER TABLE `services`
  ADD PRIMARY KEY (`service_id`),
  ADD KEY `fk_services_category` (`category_id`);

--
-- Indexes for table `service_fields`
--
ALTER TABLE `service_fields`
  ADD PRIMARY KEY (`service_field_id`),
  ADD UNIQUE KEY `unique_service_field` (`service_id`,`field_id`),
  ADD KEY `idx_service_fields_service` (`service_id`),
  ADD KEY `idx_service_fields_field` (`field_id`);

--
-- Indexes for table `service_images`
--
ALTER TABLE `service_images`
  ADD PRIMARY KEY (`image_id`),
  ADD KEY `service_id` (`service_id`);

--
-- Indexes for table `settings`
--
ALTER TABLE `settings`
  ADD PRIMARY KEY (`setting_id`),
  ADD UNIQUE KEY `setting_key` (`setting_key`);

--
-- Indexes for table `sizes`
--
ALTER TABLE `sizes`
  ADD PRIMARY KEY (`id`);

--
-- Indexes for table `sliders`
--
ALTER TABLE `sliders`
  ADD PRIMARY KEY (`slider_id`);

--
-- Indexes for table `subscribers`
--
ALTER TABLE `subscribers`
  ADD PRIMARY KEY (`subscriber_id`),
  ADD UNIQUE KEY `email` (`email`);

--
-- Indexes for table `team`
--
ALTER TABLE `team`
  ADD PRIMARY KEY (`team_id`);

--
-- Indexes for table `templates`
--
ALTER TABLE `templates`
  ADD PRIMARY KEY (`template_id`),
  ADD KEY `service_id` (`service_id`);

--
-- Indexes for table `users`
--
ALTER TABLE `users`
  ADD PRIMARY KEY (`user_id`),
  ADD UNIQUE KEY `email` (`email`);

--
-- Indexes for table `user_tokens`
--
ALTER TABLE `user_tokens`
  ADD PRIMARY KEY (`token_id`),
  ADD KEY `user_id` (`user_id`);

--
-- AUTO_INCREMENT for dumped tables
--

--
-- AUTO_INCREMENT for table `achievements`
--
ALTER TABLE `achievements`
  MODIFY `achievement_id` int(11) NOT NULL AUTO_INCREMENT;

--
-- AUTO_INCREMENT for table `blog`
--
ALTER TABLE `blog`
  MODIFY `blog_id` int(11) NOT NULL AUTO_INCREMENT;

--
-- AUTO_INCREMENT for table `cart`
--
ALTER TABLE `cart`
  MODIFY `cart_id` int(11) NOT NULL AUTO_INCREMENT, AUTO_INCREMENT=155;

--
-- AUTO_INCREMENT for table `categories`
--
ALTER TABLE `categories`
  MODIFY `category_id` int(11) NOT NULL AUTO_INCREMENT, AUTO_INCREMENT=11;

--
-- AUTO_INCREMENT for table `clients`
--
ALTER TABLE `clients`
  MODIFY `client_id` int(11) NOT NULL AUTO_INCREMENT;

--
-- AUTO_INCREMENT for table `color_options`
--
ALTER TABLE `color_options`
  MODIFY `id` int(11) NOT NULL AUTO_INCREMENT;

--
-- AUTO_INCREMENT for table `coupons`
--
ALTER TABLE `coupons`
  MODIFY `coupon_id` int(11) NOT NULL AUTO_INCREMENT;

--
-- AUTO_INCREMENT for table `custom_fields`
--
ALTER TABLE `custom_fields`
  MODIFY `field_id` int(11) NOT NULL AUTO_INCREMENT, AUTO_INCREMENT=20;

--
-- AUTO_INCREMENT for table `delivery_methods`
--
ALTER TABLE `delivery_methods`
  MODIFY `delivery_id` int(11) NOT NULL AUTO_INCREMENT, AUTO_INCREMENT=3;

--
-- AUTO_INCREMENT for table `faq`
--
ALTER TABLE `faq`
  MODIFY `faq_id` int(11) NOT NULL AUTO_INCREMENT;

--
-- AUTO_INCREMENT for table `field_options`
--
ALTER TABLE `field_options`
  MODIFY `option_id` int(11) NOT NULL AUTO_INCREMENT, AUTO_INCREMENT=77;

--
-- AUTO_INCREMENT for table `field_types`
--
ALTER TABLE `field_types`
  MODIFY `type_id` int(11) NOT NULL AUTO_INCREMENT, AUTO_INCREMENT=16;

--
-- AUTO_INCREMENT for table `messages`
--
ALTER TABLE `messages`
  MODIFY `message_id` int(11) NOT NULL AUTO_INCREMENT, AUTO_INCREMENT=15;

--
-- AUTO_INCREMENT for table `orders`
--
ALTER TABLE `orders`
  MODIFY `order_id` int(11) NOT NULL AUTO_INCREMENT, AUTO_INCREMENT=189;

--
-- AUTO_INCREMENT for table `order_field_values`
--
ALTER TABLE `order_field_values`
  MODIFY `value_id` int(11) NOT NULL AUTO_INCREMENT, AUTO_INCREMENT=5;

--
-- AUTO_INCREMENT for table `order_items`
--
ALTER TABLE `order_items`
  MODIFY `item_id` int(11) NOT NULL AUTO_INCREMENT, AUTO_INCREMENT=165;

--
-- AUTO_INCREMENT for table `order_item_files`
--
ALTER TABLE `order_item_files`
  MODIFY `file_id` int(11) NOT NULL AUTO_INCREMENT, AUTO_INCREMENT=207;

--
-- AUTO_INCREMENT for table `paper_types`
--
ALTER TABLE `paper_types`
  MODIFY `id` int(11) NOT NULL AUTO_INCREMENT;

--
-- AUTO_INCREMENT for table `points_packages`
--
ALTER TABLE `points_packages`
  MODIFY `package_id` int(11) NOT NULL AUTO_INCREMENT, AUTO_INCREMENT=9;

--
-- AUTO_INCREMENT for table `points_purchases`
--
ALTER TABLE `points_purchases`
  MODIFY `purchase_id` int(11) NOT NULL AUTO_INCREMENT;

--
-- AUTO_INCREMENT for table `points_redemptions`
--
ALTER TABLE `points_redemptions`
  MODIFY `redemption_id` int(11) NOT NULL AUTO_INCREMENT, AUTO_INCREMENT=2;

--
-- AUTO_INCREMENT for table `points_settings`
--
ALTER TABLE `points_settings`
  MODIFY `setting_id` int(11) NOT NULL AUTO_INCREMENT, AUTO_INCREMENT=13;

--
-- AUTO_INCREMENT for table `points_transactions`
--
ALTER TABLE `points_transactions`
  MODIFY `transaction_id` int(11) NOT NULL AUTO_INCREMENT, AUTO_INCREMENT=34;

--
-- AUTO_INCREMENT for table `portfolio`
--
ALTER TABLE `portfolio`
  MODIFY `portfolio_id` int(11) NOT NULL AUTO_INCREMENT, AUTO_INCREMENT=3;

--
-- AUTO_INCREMENT for table `push_subscriptions`
--
ALTER TABLE `push_subscriptions`
  MODIFY `subscription_id` int(11) NOT NULL AUTO_INCREMENT;

--
-- AUTO_INCREMENT for table `quantities`
--
ALTER TABLE `quantities`
  MODIFY `id` int(11) NOT NULL AUTO_INCREMENT;

--
-- AUTO_INCREMENT for table `reviews`
--
ALTER TABLE `reviews`
  MODIFY `review_id` int(11) NOT NULL AUTO_INCREMENT;

--
-- AUTO_INCREMENT for table `services`
--
ALTER TABLE `services`
  MODIFY `service_id` int(11) NOT NULL AUTO_INCREMENT, AUTO_INCREMENT=21;

--
-- AUTO_INCREMENT for table `service_fields`
--
ALTER TABLE `service_fields`
  MODIFY `service_field_id` int(11) NOT NULL AUTO_INCREMENT, AUTO_INCREMENT=122;

--
-- AUTO_INCREMENT for table `service_images`
--
ALTER TABLE `service_images`
  MODIFY `image_id` int(11) NOT NULL AUTO_INCREMENT;

--
-- AUTO_INCREMENT for table `settings`
--
ALTER TABLE `settings`
  MODIFY `setting_id` int(11) NOT NULL AUTO_INCREMENT, AUTO_INCREMENT=15;

--
-- AUTO_INCREMENT for table `sizes`
--
ALTER TABLE `sizes`
  MODIFY `id` int(11) NOT NULL AUTO_INCREMENT;

--
-- AUTO_INCREMENT for table `sliders`
--
ALTER TABLE `sliders`
  MODIFY `slider_id` int(11) NOT NULL AUTO_INCREMENT;

--
-- AUTO_INCREMENT for table `subscribers`
--
ALTER TABLE `subscribers`
  MODIFY `subscriber_id` int(11) NOT NULL AUTO_INCREMENT, AUTO_INCREMENT=4;

--
-- AUTO_INCREMENT for table `team`
--
ALTER TABLE `team`
  MODIFY `team_id` int(11) NOT NULL AUTO_INCREMENT;

--
-- AUTO_INCREMENT for table `templates`
--
ALTER TABLE `templates`
  MODIFY `template_id` int(11) NOT NULL AUTO_INCREMENT;

--
-- AUTO_INCREMENT for table `users`
--
ALTER TABLE `users`
  MODIFY `user_id` int(11) NOT NULL AUTO_INCREMENT, AUTO_INCREMENT=22;

--
-- AUTO_INCREMENT for table `user_tokens`
--
ALTER TABLE `user_tokens`
  MODIFY `token_id` int(11) NOT NULL AUTO_INCREMENT, AUTO_INCREMENT=11;

--
-- Constraints for dumped tables
--

--
-- Constraints for table `blog`
--
ALTER TABLE `blog`
  ADD CONSTRAINT `blog_ibfk_1` FOREIGN KEY (`author_id`) REFERENCES `users` (`user_id`) ON DELETE SET NULL;

--
-- Constraints for table `cart`
--
ALTER TABLE `cart`
  ADD CONSTRAINT `cart_ibfk_1` FOREIGN KEY (`user_id`) REFERENCES `users` (`user_id`) ON DELETE CASCADE,
  ADD CONSTRAINT `cart_ibfk_2` FOREIGN KEY (`service_id`) REFERENCES `services` (`service_id`) ON DELETE CASCADE;

--
-- Constraints for table `custom_fields`
--
ALTER TABLE `custom_fields`
  ADD CONSTRAINT `custom_fields_ibfk_1` FOREIGN KEY (`field_type_id`) REFERENCES `field_types` (`type_id`) ON DELETE CASCADE;

--
-- Constraints for table `field_options`
--
ALTER TABLE `field_options`
  ADD CONSTRAINT `field_options_ibfk_1` FOREIGN KEY (`field_id`) REFERENCES `custom_fields` (`field_id`) ON DELETE CASCADE;

--
-- Constraints for table `orders`
--
ALTER TABLE `orders`
  ADD CONSTRAINT `orders_ibfk_1` FOREIGN KEY (`user_id`) REFERENCES `users` (`user_id`) ON DELETE SET NULL,
  ADD CONSTRAINT `orders_ibfk_2` FOREIGN KEY (`delivery_method_id`) REFERENCES `delivery_methods` (`delivery_id`) ON DELETE SET NULL;

--
-- Constraints for table `order_field_values`
--
ALTER TABLE `order_field_values`
  ADD CONSTRAINT `order_field_values_ibfk_1` FOREIGN KEY (`order_item_id`) REFERENCES `order_items` (`item_id`) ON DELETE CASCADE,
  ADD CONSTRAINT `order_field_values_ibfk_2` FOREIGN KEY (`field_id`) REFERENCES `custom_fields` (`field_id`) ON DELETE CASCADE;

--
-- Constraints for table `points_purchases`
--
ALTER TABLE `points_purchases`
  ADD CONSTRAINT `points_purchases_ibfk_1` FOREIGN KEY (`user_id`) REFERENCES `users` (`user_id`) ON DELETE CASCADE;

--
-- Constraints for table `points_redemptions`
--
ALTER TABLE `points_redemptions`
  ADD CONSTRAINT `points_redemptions_ibfk_1` FOREIGN KEY (`user_id`) REFERENCES `users` (`user_id`) ON DELETE CASCADE;

--
-- Constraints for table `points_transactions`
--
ALTER TABLE `points_transactions`
  ADD CONSTRAINT `points_transactions_ibfk_1` FOREIGN KEY (`user_id`) REFERENCES `users` (`user_id`) ON DELETE CASCADE,
  ADD CONSTRAINT `points_transactions_ibfk_2` FOREIGN KEY (`order_id`) REFERENCES `orders` (`order_id`) ON DELETE SET NULL;

--
-- Constraints for table `portfolio`
--
ALTER TABLE `portfolio`
  ADD CONSTRAINT `fk_portfolio_category` FOREIGN KEY (`category_id`) REFERENCES `categories` (`category_id`) ON DELETE SET NULL ON UPDATE CASCADE,
  ADD CONSTRAINT `portfolio_ibfk_1` FOREIGN KEY (`service_id`) REFERENCES `services` (`service_id`) ON DELETE SET NULL;

--
-- Constraints for table `push_subscriptions`
--
ALTER TABLE `push_subscriptions`
  ADD CONSTRAINT `push_subscriptions_ibfk_1` FOREIGN KEY (`user_id`) REFERENCES `users` (`user_id`) ON DELETE CASCADE;

--
-- Constraints for table `reviews`
--
ALTER TABLE `reviews`
  ADD CONSTRAINT `reviews_ibfk_1` FOREIGN KEY (`user_id`) REFERENCES `users` (`user_id`) ON DELETE SET NULL,
  ADD CONSTRAINT `reviews_ibfk_2` FOREIGN KEY (`order_id`) REFERENCES `orders` (`order_id`) ON DELETE SET NULL;

--
-- Constraints for table `services`
--
ALTER TABLE `services`
  ADD CONSTRAINT `fk_services_category` FOREIGN KEY (`category_id`) REFERENCES `categories` (`category_id`) ON DELETE SET NULL ON UPDATE CASCADE;

--
-- Constraints for table `service_fields`
--
ALTER TABLE `service_fields`
  ADD CONSTRAINT `service_fields_ibfk_1` FOREIGN KEY (`service_id`) REFERENCES `services` (`service_id`) ON DELETE CASCADE,
  ADD CONSTRAINT `service_fields_ibfk_2` FOREIGN KEY (`field_id`) REFERENCES `custom_fields` (`field_id`) ON DELETE CASCADE;

--
-- Constraints for table `service_images`
--
ALTER TABLE `service_images`
  ADD CONSTRAINT `service_images_ibfk_1` FOREIGN KEY (`service_id`) REFERENCES `services` (`service_id`) ON DELETE CASCADE;

--
-- Constraints for table `templates`
--
ALTER TABLE `templates`
  ADD CONSTRAINT `templates_ibfk_1` FOREIGN KEY (`service_id`) REFERENCES `services` (`service_id`) ON DELETE SET NULL;

--
-- Constraints for table `user_tokens`
--
ALTER TABLE `user_tokens`
  ADD CONSTRAINT `user_tokens_ibfk_1` FOREIGN KEY (`user_id`) REFERENCES `users` (`user_id`) ON DELETE CASCADE;
COMMIT;

/*!40101 SET CHARACTER_SET_CLIENT=@OLD_CHARACTER_SET_CLIENT */;
/*!40101 SET CHARACTER_SET_RESULTS=@OLD_CHARACTER_SET_RESULTS */;
/*!40101 SET COLLATION_CONNECTION=@OLD_COLLATION_CONNECTION */;
